Latitude,Longitude,NOC,Country Name,Code,1996 - Bronze,1996 - Silver,1996 - Gold,1996 - Medals,1996 - Pop,1996 - GDP,1996 - Percentage invested,2000 - Bronze,2000 - Silver,2000 - Gold,2000 - Medals,2000 - Pop,2000 - GDP,2000 - Percentage invested,2004 - Bronze,2004 - Silver,2004 - Gold,2004 - Medals,2004 - Pop,2004 - GDP,2004 - Percentage invested,2008 - Bronze,2008 - Silver,2008 - Gold,2008 - Medals,2008 - Pop,2008 - GDP,2008 - Percentage invested,2012 - Bronze,2012 - Silver,2012 - Gold,2012 - Medals,2012 - Pop,2012 - GDP,2012 - Percentage invested,2016 - Bronze,2016 - Silver,2016 - Gold,2016 - Medals,2016 - Pop,2016 - GDP,2016 - Percentage invested
33.0,66.0,AFG,Afghanistan,AFG,0,0,0,0,1.8415307E7,,,0,0,0,0,2.059536E7,,,0,0,0,0,2.4018682E7,5224896719,,1,0,0,1,2.7032197E7,10109296958,,1,0,0,1,2.9824536E7,19907329906,,0,0,0,0,,18116572399,0.0262671769469497
28.0,1.0,ALG,Algérie,,1,0,2,3,2.9845208E7,,,2,0,0,2,3.1719449E7,,,0,0,0,0,3.3461345E7,,,0,0,0,0,3.5591377E7,,,0,0,1,1,3.8481705E7,,,0,1,0,1,,,
-34.0,-64.0,ARG,Argentine,,2,16,1,19,3.526407E7,272149750000,,2,15,0,17,3.6903067E7,284203750000,,21,1,20,42,3.8308779E7,164657930453,,29,0,17,46,3.9676083E7,361558037110,,4,12,2,18,4.1086927E7,545982375701,,1,2,15,18,,557532320663,
40.383333,44.95,ARM,Arménie,ARM,0,1,1,2,3173425.0,1596968946,,1,0,0,1,3076098.0,1911563669,,0,0,0,0,3025652.0,3576615240,,5,0,0,5,2977488.0,11662040714,,1,1,0,2,2969081.0,10619320683,,0,3,1,4,,10546136236,0.0352721530734306
-25.0,133.0,AUS,Australie,AUS,62,16,27,105,,401341880621,,51,56,43,150,,416167815093,,23,63,34,120,,614659980083,0.037859511573155,52,33,25,110,,1056112427190,0.0342191010098966,50,27,11,88,,1547649835733,0.03817350597649001,14,26,13,53,2.3401892E7,1207580901579,0.0414474826836068
48.0,14.0,AUT,Autriche,AUT,1,0,0,1,7959017.0,237250948791,0.0357355725404951,0,1,3,4,8011566.0,197289625480,0.030729884497842797,1,3,3,7,8171966.0,301457562039,0.0286785589170628,2,1,0,3,8321496.0,432051935643,0.031005041838305103,0,0,0,0,8429991.0,409401816051,0.027549080802916997,2,0,0,2,,395837353031,0.027687859332005998
40.3,47.7,AZE,Azerbaïdjan,AZE,0,1,0,1,7763000.0,3176507376,,0,0,2,2,8048600.0,5272615723,,3,0,1,4,8306500.0,8680405741,,3,2,1,6,8763400.0,48851293785,,5,2,2,9,9295784.0,69679944504,,7,7,1,15,,37866996883,0.0740585053917902
25.0,-77.4,BAH,Bahamas,BHS,0,5,0,5,283678.0,,,3,0,5,8,297759.0,,0.0,2,0,0,2,322400.0,,0.0,1,5,1,7,348340.0,,,0,0,3,3,371960.0,,0.0346765038990086,4,0,1,5,,,0.0779849656061811
-3.666667,29.816667,BDI,Burundi,,0,0,0,0,6294482.0,869033856,,0,0,0,0,6674286.0,870486066,,0,0,0,0,7510771.0,915257323,,0,0,0,0,8053574.0,1611835857,,0,0,0,0,9849569.0,2333341334,,0,1,0,1,,2644487777,
50.641111111,4.668055555,BEL,Belgique,BEL,2,2,2,6,1.0142776E7,279201433225,,4,2,1,7,1.025125E7,236792460312,,1,0,1,2,1.0396421E7,369214712443,0.035044808301327404,0,4,0,4,1.0709973E7,517328087920,0.0376668126069676,1,1,0,2,1.1035948E7,496152879925,0.0462044409917783,2,13,0,15,1.126791E7,476062757357,0.0385040166478719
53.528333333,28.046666666,BLR,,,8,6,1,15,,14756846154,,7,7,5,19,,12736780455,,7,5,2,14,,23141566293,,11,4,7,22,,60752106347,,8,8,3,19,,65685890439,,6,2,2,10,,47723545321,
-14.0,-53.0,BRA,Brésil,BRA,36,14,5,55,1.64392423E8,850426432992,,30,14,0,44,1.74504898E8,655448231984,,3,14,17,34,1.84010283E8,669289424806,,24,30,14,68,1.91765567E8,1695855083552,,10,33,14,57,1.98656019E8,2465227803012,0.023877205220331,7,8,24,39,2.06081432E8,1795693482653,0.0340616567194447
26.0675,50.551111,BRN,Bahreïn,,0,0,0,0,579697.0,5115454090,,0,0,0,0,668239.0,6001282104,,0,0,0,0,820505.0,7872202803,,0,0,0,0,1116038.0,14393434225,,1,0,0,1,1317827.0,19048443341,,0,1,1,2,,11400466356,
42.75,25.5,BUL,Bulgarie,BGR,7,10,1,18,8362826.0,,0.0361202465869796,1,4,5,10,8170172.0,,0.0158457564974499,8,3,1,12,7781161.0,,0.0667600342775617,2,1,1,4,7492561.0,,0.0752466994236101,2,0,0,2,7305888.0,,0.0839533428788758,5,0,0,5,7127822.0,,0.0546107892452299
56.0,-109.0,CAN,Canada,CAN,9,29,5,43,2.96719E7,630607994133,,18,6,4,28,3.0689035E7,744773415932,,3,7,3,13,3.1995E7,1026690238278,,11,11,8,30,3.3245773E7,1552989690722,0.0308743114986292,28,18,1,47,3.4752128E7,1828366481522,0.0326291415120723,42,6,6,54,3.5151728E7,1527994741907,0.031863186763003405
-33.0,-71.0,CHI,Chili,CHL,0,0,0,0,1.4662323E7,,,10,1,2,13,1.5454402E7,6439703435,,0,0,1,1,1.6168241E7,8553643354,,0,1,0,1,1.6831184E7,,,0,0,0,0,,,,0,0,0,0,,9511207129,0.0932435844021278
35.844722222,103.451944444,CHN,Chine,,14,54,11,79,,863749314719,,16,17,26,59,,1211331651830,,13,21,45,79,,1955346768758,,38,40,47,125,,4594336785752,,22,29,40,91,,8532185381696,,28,24,35,87,1.403500365E9,11233313730289,
8.0,-6.0,CIV,Côte d'Ivoire,,0,0,0,0,1.4632391E7,18071152821,,0,0,0,0,1.6131332E7,16577533891,,0,0,0,0,1.7144325E7,23510575668,,0,0,0,0,1.8260044E7,34078240260,,0,0,0,0,1.983975E7,36302302845,,2,0,0,2,,48407761032,
5.133333333,12.65,CMR,Cameroun,,0,0,0,0,1.4316949E7,11093538846,,4,0,9,13,1.5927713E7,10566579295,,0,0,1,1,1.767496E7,18826214136,,0,0,1,1,1.9595026E7,27715142033,,0,0,0,0,2.1699631E7,30155062329,,0,0,0,0,,33814337044,
4.0,-73.25,COL,Colombie,,0,0,0,0,3.7236124E7,97153389011,,0,0,1,1,3.9897984E7,99875074951,,2,0,0,2,4.2527623E7,117092416666,,1,1,0,2,4.5153037E7,242504150473,,5,2,1,8,4.7704427E7,370691143087,,2,2,3,7,,282720100286,
10.0,-84.0,CRC,Costa Rica,CRI,0,0,1,1,3566605.0,,,0,0,1,1,3810179.0,,,0,0,0,0,4246336.0,,,0,0,0,0,4532711.0,,,0,0,0,0,4805295.0,,,0,0,0,0,,,0.0365939304849711
45.25,15.466667,CRO,,,1,9,12,22,,,,6,0,2,8,,,,2,3,15,20,,,,1,1,0,2,,,,17,3,9,29,,,,5,12,4,21,,,
22.0,-79.5,CUB,Cuba,,8,7,32,47,1.0980758E7,25017368700,,9,34,16,59,1.1138416E7,30565400000,,17,6,28,51,1.1273363E7,38203000000,,12,29,3,44,1.1296355E7,56302129630,,4,2,5,11,1.1270957E7,73141000000,,4,0,6,10,,91370407864,
35.0,33.0,CYP,Chypre,CYP,0,0,0,0,873246.0,10011918444,0.017544958957328195,0,0,0,0,943287.0,9985844486,0.0178386031146767,0,0,0,0,1015820.0,17320552500,0.020423775295170497,0,0,0,0,1077089.0,27844698989,0.024934769800521804,0,1,0,1,1128994.0,24977293926,0.0181069283365734,0,0,0,0,,20952955488,0.0133587886629115
50.0,15.0,CZE,Tchéquie,CZE,2,5,2,9,,67387788633,0.024075374947724597,4,1,2,7,1.0272503E7,61828166496,0.0972639944281686,5,5,1,11,,119814434354,0.011577656195247699,0,4,2,6,,236816485763,0.011237094532088699,6,4,4,14,1.0509286E7,208857719321,0.010699667784486399,9,3,1,13,1.05788E7,196272068576,0.010452642794587198
56.0,10.0,DEN,Danemark,DNK,1,1,18,20,,,0.0091909737285207,4,4,14,22,,,0.0491366790990503,9,1,19,29,,,0.0546480017954823,5,6,7,18,,,0.0481828728760401,8,4,3,15,,,0.0518732961759407,14,8,9,31,5707251.0,,0.0407057755233041
18.8,-70.2,DOM,République dominicaine,DOM,0,0,0,0,8118570.0,18241622548,,0,0,0,0,8663421.0,24305780629,,0,0,1,1,9207389.0,22322387382,,0,1,1,2,9750195.0,48122601530,,0,2,0,2,1.0276621E7,60681535653,,0,0,0,0,,75704647878,0.0454982742721026
-1.0,-78.0,ECU,Équateur,ECU,0,0,1,1,1.1557151E7,25226393197,,0,0,0,0,1.2533087E7,18327764882,,0,0,0,0,1.3529091E7,36591661000,,0,1,0,1,1.4512402E7,61762635000,,0,0,0,0,1.5492264E7,87924544000,,0,0,0,0,,99937696000,0.0995100233706591
27.0,29.0,EGY,Égypte,,0,0,0,0,5.9276672E7,67629716981,,0,0,0,0,6.613659E7,99838543960,,2,1,1,4,7.0591288E7,78782467532,,1,0,0,1,7.5491922E7,162818181818,,0,2,0,2,8.0721874E7,279116666667,,3,0,0,3,,332441717791,
15.483333,38.25,ERI,Érythrée,,0,0,0,0,3473399.0,693535954,,0,0,0,0,3939348.0,706370816,,0,1,0,1,4665522.0,1109054005,,0,0,0,0,5382163.0,1380188800,,0,0,0,0,6130922.0,,,0,0,0,0,,,
40.2,-3.5,ESP,Espagne,ESP,23,16,18,57,3.9478186E7,642588992513,0.0149873231486906,18,15,2,35,4.0263216E7,598363313495,0.0131203008099085,3,14,6,23,4.2921895E7,1069055675274,0.0140789842652806,13,37,6,56,4.5954106E7,1631863493552,0.0182958538711053,23,27,4,54,4.6773055E7,1324750738725,0.00116380677316145,14,19,8,41,,1233554967012,3.5911800617683E-4
59.0,26.0,EST,Estonie,EST,0,0,0,0,,4786018988,0.03233722014038161,1,0,1,2,,5686579748,0.034350619364351506,2,1,0,3,,12145911801,0.040194447029753104,1,1,1,3,,24341678629,0.04615457751712439,1,1,0,2,,23019150071,0.0347720477387285,3,0,0,3,1315944.0,24072829277,0.0434984527241711
9.0,40.0,ETH,Éthiopie,ETH,1,0,2,3,5.8815116E7,8547939731,,1,1,4,6,6.6024199E7,8242349618,,2,1,2,5,7.4066147E7,10131187261,,2,0,3,5,8.262119E7,27066912635,,1,1,3,5,9.1728849E7,43310721414,,4,1,0,5,,74296745208,0.0180780283571802
-18.0,178.0,FIJ,Fidji,,0,0,0,0,784647.0,,,0,0,0,0,811647.0,,,0,0,0,0,818995.0,,,0,0,0,0,843851.0,,,0,0,0,0,874742.0,,,0,0,9,9,915303.0,,
65.0,27.0,FIN,Finlande,FIN,1,2,1,4,5124573.0,132129174217,,2,1,2,5,5176209.0,126019543413,,0,2,0,2,5228172.0,197479443979,0.0566900565640787,1,2,1,4,5313399.0,285716311137,0.0540498803181222,3,1,0,4,5413971.0,258290060228,0.0746131309161995,1,0,0,1,5501043.0,240771351299,0.0689598102226023
47.0,2.0,FRA,France,FRA,17,6,14,37,5.975202E7,1605675086550,0.0321257624178888,15,22,21,58,6.0911057E7,1365639660792,0.0386991616985158,19,7,16,42,6.2702121E7,2119633181634,0.051038163306864504,18,20,20,58,6.4371099E7,2930303780828,0.0541964886216485,19,21,24,64,6.564957E7,2683671716967,0.05903378201114129,19,44,13,76,6.6628E7,2472964344587,0.054244853363436
-0.683330555,11.5,GAB,Gabon,,0,0,0,0,1108698.0,5694040003,,0,0,0,0,1225527.0,5080483629,,0,0,0,0,1347125.0,7770219008,,0,0,0,0,1482843.0,15571348344,,0,0,1,1,1632572.0,17170464016,,0,0,0,0,,14023890265,
54.6,-2.0,GBR,Royaume-Uni,GBR,10,12,1,23,5.816695E7,1419645865835,0.0145952079433047,11,16,16,43,5.8892514E7,1665534876683,0.0260638264058347,11,20,16,47,5.9987905E7,2421525082387,0.0403500022668541,17,20,27,64,6.1806995E7,2929411764706,0.011619470796752098,34,26,39,99,6.3705E7,2707089726615,0.011632922630266301,29,41,45,115,6.5102385E7,2689106566900,0.0315585050171021
51.0,10.0,GER,Allemagne,DEU,30,25,39,94,8.2012E7,,,48,19,23,90,8.226E7,,0.034081049172865995,48,40,35,123,8.2501E7,,0.0297765323621449,35,14,35,84,8.2002E7,,0.029837148388566197,18,23,38,79,8.05E7,,0.0262593295474828,52,35,39,126,8.2521653E7,,0.023510721782348802
38.5,23.0,GRE,Grèce,GRC,1,3,4,8,1.06088E7,,0.0,5,5,4,14,1.0805808E7,,0.0,6,15,5,26,1.0955141E7,,0.0120795391191228,3,2,0,5,1.1077841E7,,0.0983511715360139,2,0,0,2,1.1045011E7,,0.0631698525859827,1,0,4,5,1.0775971E7,,0.0320927940215709
12.116667,-61.666667,GRN,Grenade,,0,0,0,0,100796.0,,,0,0,0,0,101620.0,,,0,0,0,0,102655.0,,,0,0,0,0,103932.0,,,0,0,1,1,105483.0,,,0,1,0,1,,,
15.5,-90.25,GUA,Guatemala,GTM,0,0,0,0,1.0214623E7,,,0,0,0,0,1.1204183E7,,,0,0,0,0,1.23678E7,,,0,0,0,0,1.3648307E7,,,0,1,0,1,1.5082831E7,,,0,0,0,0,,,0.010170468990678999
47.0,19.0,HUN,Hongrie,HUN,16,10,4,30,1.0311238E7,46658755152,0.0168175868882915,4,15,19,38,1.0210971E7,47218405892,0.015352687005424501,2,10,22,34,1.0107146E7,104120820259,0.013804320196562197,1,6,13,20,1.0038188E7,158325614581,0.012526631247389,2,8,11,21,9931925.0,128814279315,0.015974269562557097,7,1,7,15,9830485.0,128609822750,0.097388420132359
-2.0,118.0,INA,Indonésie,,3,1,2,6,1.97097887E8,,,2,5,1,8,2.08938698E8,,,3,1,0,4,2.21293797E8,,,3,2,1,6,2.34243489E8,,,1,1,0,2,2.46864191E8,,,0,1,1,2,2.61115456E8,,
22.8,83.0,IND,Inde,,0,0,0,0,9.73147577E8,392896866205,,1,0,0,1,1.042261758E9,468394937256,,0,1,0,1,1.110626108E9,709148514816,,3,0,0,3,1.174662334E9,1198895139015,,4,1,0,5,1.236686732E9,1827637590787,,1,0,0,1,1.324171354E9,2294796885683,
32.0,53.0,IRI,Iran,,0,1,0,1,6.1440887E7,,,1,0,1,2,6.5911052E7,,,0,3,1,4,6.9342126E7,,,1,0,1,2,7.2660887E7,,,2,6,4,12,7.6424443E7,,,4,1,2,7,,,
53.0,-8.0,IRL,Irlande,IRL,0,0,1,1,3637510.0,75790786290,0.019623259374323004,0,1,0,1,3805174.0,100207610430,0.0416881728358649,0,0,0,0,4070262.0,194372115041,0.011908370077883501,2,1,0,3,4489544.0,275447471451,0.0177511573394275,3,1,1,5,4586897.0,225118718207,0.0926931070808302,1,1,0,2,,298559265006,0.0800611385387445
65.0,-19.0,ISL,Islande,ISL,0,0,0,0,268916.0,7426082271,,1,0,0,1,281205.0,9025660362,,0,0,0,0,292074.0,13825302536,,1,10,0,11,317414.0,18074622987,0.16746935726485498,0,0,0,0,320716.0,14751508134,0.134299041429281,0,0,0,0,332529.0,20793168031,0.14206287680789
31.0,35.0,ISR,Israël,ISR,1,0,0,1,,114505860827,,1,0,0,1,,136035771712,,1,0,1,2,,139973148371,,0,0,0,0,7412200.0,220531065217,,0,0,0,0,,262282344092,,2,0,0,2,,322102790387,0.0154914348789111
42.5,12.5,ITA,Italie,ITA,22,21,12,55,5.6860281E7,1312426527795,,24,11,20,55,5.6942108E7,1146676894210,,30,40,23,93,5.7685327E7,1806542968546,0.030551139246956106,16,13,5,34,5.8826731E7,2408655348719,0.0223911583318068,24,21,14,59,5.9539717E7,2086957656822,0.02079220172388,17,32,5,54,6.0599936E7,1877071687634,0.0266307030305103
18.18,-77.4,JAM,,,10,1,2,13,,7393891921,,0,15,0,15,,9005064475,,5,1,4,10,,10174664854,,6,1,3,10,,13709401520,,6,6,6,18,,14807086556,,0,14,7,21,,14077096714,
31.2,36.5,JOR,Jordanie,JOR,0,0,0,0,,6927503526,,0,0,0,0,,8460789845,,0,0,0,0,,11411706629,,0,0,0,0,,22658715989,,0,0,0,0,,31634561690,,0,0,1,1,9813095.0,39892551127,0.0812040475334029
35.0,136.0,JPN,Japon,JPN,13,24,3,40,,4923391533852,,7,24,6,37,1.26925843E8,4968359075957,,39,16,13,68,,4893116005657,,13,15,17,45,,5106679115127,0.0958274333214986,28,32,5,65,,6272362996105,0.0104061183500148,25,12,14,51,,5003677627544,0.013305420668427001
48.0,68.0,KAZ,Kazakhstan,KAZ,4,3,2,9,1.5577894E7,21035357937,,1,3,3,7,1.4883626E7,18291990662,,3,3,0,6,1.5012985E7,43151647003,,7,3,1,11,1.5674E7,133441648852,,6,1,6,13,1.6791425E7,207998568866,0.024955523774092603,8,4,3,15,,137278320084,0.0403573674683715
0.1,38.0,KEN,Kenya,,1,4,1,6,2.8186224E7,12045865396,,1,4,1,6,3.128505E7,12705350098,,1,3,1,5,3.4834606E7,16095337094,,5,3,5,13,3.8773277E7,35895153328,,4,3,2,9,4.3178141E7,56396704672,,2,6,3,11,,74815144164,
41.0,75.0,KGZ,Kirghizistan,KGZ,0,0,0,0,,1827570586,,1,0,0,1,,1369688498,,0,0,0,0,,2211534585,,1,1,0,2,,5139958909,,0,0,0,0,,6605142884,,0,0,0,0,6000000.0,6813095379,0.0185963044201178
36.0,128.0,KOR,Corée du Sud,,5,41,10,56,4.5524681E7,610167053824,,30,17,9,56,4.7008111E7,576179387820,,8,24,12,44,4.8039415E7,793175561887,,21,4,37,62,4.8948698E7,1047339010225,,26,10,13,49,5.0004441E7,1278046536287,,11,2,9,22,5.127E7,1499679823910,
42.55,20.833333333,KOS,,,0,0,0,0,,,,0,0,0,0,,,,0,0,0,0,,,,0,0,0,0,,,,0,0,0,0,,,,0,0,1,1,,,
23.716667,44.116667,KSA,Arabie saoudite,,0,0,0,0,1.884835E7,,,1,1,0,2,2.0144584E7,,,0,0,0,0,2.3839231E7,,,0,0,0,0,2.6366358E7,,,3,0,0,3,2.8287855E7,,,0,0,0,0,,,
57.0,25.0,LAT,,,0,0,0,0,,,,1,1,1,3,,,,0,4,0,4,,,,1,1,1,3,,,,2,0,1,3,,,,0,0,0,0,,,
55.2,24.0,LTU,Lituanie,LTU,8,0,1,9,3615212.0,8382519637,,11,0,2,13,3512074.0,11524776867,0.0796620579115299,0,1,1,2,3398929.0,22627507452,0.015748338337074695,3,0,0,3,3212605.0,47797551588,0.018398958971218602,2,0,3,5,3003641.0,42927454291,0.014610508168164199,3,2,0,5,2888558.0,43047309306,0.018238686473096802
32.0,-6.0,MAR,Maroc,,1,0,1,2,2.723715E7,43161571528,,3,1,0,4,2.8710123E7,43017455402,,0,2,0,2,2.985582E7,66114145451,,0,2,0,2,3.0955151E7,101822906949,,0,0,1,1,3.2521143E7,106937392311,,1,0,0,1,,111572947005,
3.7805111,102.314361666,MAS,Malaisie,,1,2,0,3,2.1259831E7,,,0,0,0,0,2.3420751E7,,,0,0,0,0,2.5365089E7,,,0,1,0,1,2.7302348E7,,,1,1,0,2,2.9239927E7,,,1,5,0,6,,,
23.0,-102.0,MEX,Mexique,,1,0,0,1,9.7201533E7,432157945024,,3,2,1,6,1.03873607E8,742061329643,,0,3,0,3,1.0938155E8,819459227375,,1,0,2,3,1.14968039E8,1161553459895,,3,4,15,22,1.20847449E8,1255110424742,,2,2,1,5,,1112233497399,
46.0,105.0,MGL,Mongolie,MNG,1,0,0,1,2316598.0,,,0,0,0,0,2397473.0,,,0,0,1,1,2496248.0,,,0,2,1,3,2632834.0,,,0,2,0,2,2796484.0,,,1,1,0,2,,,0.0661554011570584
41.65,21.716667,MKD,Macédoine du Nord,,0,0,0,0,1975207.0,4642021256,,0,1,0,1,2052129.0,3772859034,,0,0,0,0,2085728.0,5682784472,,0,0,0,0,2098769.0,9909552435,,0,0,0,0,2105575.0,9745261301,,0,0,0,0,,10672467073,
42.766667,19.216667,MNE,Monténégro,,0,0,0,0,,,,0,0,0,0,,984293044,,0,0,0,0,613353.0,2073234418,,0,0,0,0,616969.0,4545674528,,1,8,2,11,620601.0,4087526242,,0,0,0,0,622303.0,4376930578,
-19.0,35.0,MOZ,Mozambique,MOZ,1,0,0,1,1.6463426E7,4030146135,,0,0,1,1,1.8275618E7,5930685215,,0,0,0,0,2.0438827E7,7937255565,,0,0,0,0,2.2762525E7,12920340965,,0,0,0,0,2.5203395E7,16688114144,,0,0,0,0,,12069051237,0.0511012326259263
-20.2,57.5,MRI,Maurice,,0,0,0,0,1133996.0,,,0,0,0,0,1186873.0,,,0,0,0,0,1221003.0,,,1,0,0,1,1244121.0,,,0,0,0,0,1255882.0,,,0,0,0,0,,,
-23.0,17.0,NAM,Namibie,NAM,0,1,0,1,1705309.0,3989163197,,0,0,0,0,1897953.0,3922232165,,0,0,0,0,2003320.0,6609205995,,0,0,0,0,2110791.0,8607431497,0.0359397506436933,0,0,0,0,2259393.0,13042053592,0.0369431919021573,0,0,0,0,,10722018732,0.024673889845550002
52.316666666,5.55,NED,Pays-Bas,NLD,22,5,28,55,,,0.046659412404787805,19,24,18,61,,,0.0478089941084983,21,35,5,61,,,0.0545451797326965,5,17,32,54,,,0.05750944842227571,16,24,17,57,,,0.0550258359547051,14,17,7,38,1.7E7,,0.0524044346123385
9.0,8.0,NGR,Nigeria,,1,3,15,19,1.1116621E8,,,1,1,5,7,1.22876727E8,,,7,1,0,8,1.3599925E8,,,6,9,2,17,1.5120808E8,,,0,0,0,0,1.68833776E8,,,12,1,1,14,,,
17.0,10.0,NIG,Niger,,0,0,0,0,9499605.0,,,0,0,0,0,1.0989815E7,,,0,0,0,0,1.2708897E7,,,0,0,0,0,1.4737895E7,,,0,0,0,0,1.7138707E7,,,0,1,0,1,,,
65.0,11.0,NOR,Norvège,NOR,12,3,3,18,4381336.0,163520109151,0.026994148897336,19,2,16,37,4490967.0,171457201936,0.0227813074005455,2,0,3,5,4591910.0,265268662473,0.0281747955817357,2,6,13,21,4768212.0,464917553191,0.0266463472537329,1,1,15,17,5018573.0,512777309841,0.029901950431818397,18,0,1,19,5213985.0,370956547619,0.04179670639129529
-41.2,174.0,NZL,Nouvelle-Zélande,,4,1,1,6,3762300.0,70140835299,,2,0,1,3,3873100.0,52623281957,,0,1,2,3,4114300.0,103905210084,,8,1,4,13,4280300.0,133131369930,,11,3,10,24,4425900.0,176206659723,,6,17,5,28,4767600.0,188838342528,
-23.5,-58.0,PAR,Paraguay,,0,0,0,0,4911701.0,,,0,0,0,0,5350253.0,,,0,13,1,14,5793330.0,,,0,0,0,0,6236005.0,,,0,0,0,0,6687361.0,,,0,0,0,0,,,
12.0,123.0,PHI,Philippines,PHL,0,0,0,0,7.1437381E7,,,0,0,0,0,7.6506928E7,,,0,0,0,0,8.4596249E7,,,0,0,0,0,9.0297115E7,,,0,0,0,0,9.6017322E7,,,0,1,0,1,,,0.00354868123207569
52.0,19.0,POL,Pologne,POL,6,6,7,19,3.8639E7,160193242090,,6,8,5,19,3.8644E7,172220451787,,5,0,4,9,3.8173835E7,255107252159,0.0243598832483202,2,10,4,16,3.8135876E7,533599779516,0.040550080944589006,7,1,2,10,3.8533299E7,495230523666,0.0476715404254564,7,2,2,11,3.8432992E7,470024559642,0.033923180995969505
38.7,-9.183333333,POR,Portugal,PRT,2,0,1,3,1.0063945E7,,0.0444689862175098,1,1,0,2,1.0289898E7,,0.047169128096904905,1,2,0,3,1.0483861E7,,0.0387129848326813,0,1,0,1,1.0558177E7,,0.03997173690193571,0,1,1,2,1.0514844E7,,0.0340658341632223,1,0,0,1,,,0.026394526671163803
40.0,127.0,PRK,Corée du Nord,,2,0,1,3,2.2016518E7,,,3,1,0,4,2.2840225E7,,,1,4,0,5,2.3639303E7,,,2,0,2,4,2.4243894E7,,,2,0,4,6,2.4763188E7,,,2,2,2,6,,,
25.269535,51.212767,QAT,Qatar,,0,0,0,0,512476.0,9059340385,,0,1,0,1,593693.0,17759890110,,0,0,0,0,720384.0,31734065934,,0,0,0,0,1359114.0,115270054945,,2,0,0,2,2050514.0,186833502363,,0,1,0,1,,151732181868,
46.0,25.0,ROU,Roumanie,ROU,9,4,12,25,2.2619004E7,36937074278,,8,3,21,32,2.2442971E7,37253739511,,4,5,15,24,2.1451748E7,74973656852,0.0195840994440682,13,3,3,19,2.0537875E7,214317202478,0.0348384486655728,5,6,2,13,2.0058035E7,179132893143,0.0336364147900867,9,3,3,15,,185287630540,0.025519460749490103
-29.0,24.0,RSA,Afrique du Sud,ZAF,1,1,2,4,,,,3,2,0,5,,,,2,2,4,8,,,,0,0,0,0,,,,1,2,5,8,,,0.0511319669637462,8,5,2,15,5.5653654E7,,0.034580646720123995
66.416666666,94.25,RUS,Russie,RUS,24,34,26,84,,391724890744,,43,53,53,149,1.4689E8,259710142197,,76,40,38,154,,591016690732,,43,42,39,124,,1660848058303,,42,32,40,114,1.43056383E8,2208293553878,,30,18,35,83,1.46519759E8,1276786350881,0.0558691647949393
1.3,103.8,SGP,Singapour,,0,0,0,0,3670704.0,96293086513,,0,0,0,0,4027887.0,96076539926,,0,0,0,0,4166664.0,115033593101,,0,2,0,2,4839396.0,193617323539,,2,0,1,3,5312437.0,295092888077,,0,0,0,0,5781728.0,319030057631,
46.0,15.0,SLO,,,0,1,0,1,,,,0,0,2,2,,,,2,3,0,5,,,,2,1,0,3,,,,3,1,1,5,,,,1,2,0,3,,,
7.0,81.0,SRI,Sri Lanka,,0,0,0,0,,,,1,0,0,1,,,,0,0,0,0,,,,0,0,0,0,,,,0,0,0,0,2.0277597E7,,,0,0,0,0,,,
15.0,32.0,SUD,,,0,0,0,0,,,,0,0,0,0,,,,0,0,0,0,,,,1,0,0,1,,,,0,0,0,0,,,,0,0,0,0,,,
46.798562,8.231973,SUI,Suisse,CHE,0,4,4,8,7071850.0,,0.03649654990308139,2,9,2,13,7184250.0,,0.0314883091873281,4,2,1,7,7389625.0,,0.0357041184368644,6,1,2,9,7647675.0,,0.0342128950374687,0,2,2,4,7996861.0,,0.032124243178819394,2,1,6,9,,,0.0329711315579599
49.0,20.0,SVK,,,1,1,1,3,,27925036755,,1,2,1,4,,29242558797,,5,1,3,9,,57437444469,,1,3,4,8,,100879902985,,3,2,0,5,,94623731086,,0,4,2,6,,89952699525,
61.0,15.0,SWE,Suède,SWE,5,17,3,25,8840998.0,291743811512,,8,16,4,28,8872109.0,262835454367,,2,5,4,11,8993531.0,385118044877,0.0544485643033658,1,5,0,6,9219637.0,517706149201,0.0643563065224062,3,15,2,20,9519374.0,552483727283,0.0982077355422772,2,22,2,26,9954420.0,515654671470,0.010018049703388302
35.216667,38.583333,SYR,Syrie,,0,0,1,1,1.4746306E7,61546280624,,0,0,0,0,1.6371208E7,80590022272,,1,0,0,1,1.7676012E7,112863340757,,0,0,0,0,2.0325443E7,218089977728,,0,0,0,0,2.0420701E7,43190318033,,0,0,0,0,,12598742889,
14.0,101.0,THA,Thaïlande,THA,0,0,0,0,5.9562136E7,183035237429,,2,0,1,3,6.0916441E7,126392224254,,4,1,3,8,6.50874E7,172895685155,,0,2,2,4,6.618534E7,291382982431,,1,0,0,1,6.6785001E7,397558325279,,1,2,1,4,6.593155E7,413366349748,0.042123769999281004
38.583333,71.366667,TJK,,,0,0,0,0,,1043654822,,0,0,0,0,,860541842,,0,0,0,0,,2076176636,,0,1,0,1,,5161299725,,1,0,0,1,,7633036366,,0,0,1,1,,6992416097,
10.666666666,-61.516666666,TTO,Trinité-et-Tobago,,1,0,0,1,1258365.0,5759537726,,1,0,0,1,1267980.0,8154338233,,1,0,0,1,1290379.0,13280275123,,0,1,4,5,1316449.0,27871587350,,3,4,1,8,1337439.0,27334581560,,0,1,0,1,,23713671528,
34.0,10.0,TUN,Tunisie,,0,0,0,0,,19587161807,,0,0,0,0,,21473528161,,0,0,0,0,,31183885241,,0,0,1,1,,44859439902,,0,1,1,2,,47311401813,,3,0,0,3,1.13045E7,44360072680,
39.0,36.0,TUR,Turquie,TUR,1,1,4,6,5.9442502E7,181464408820,,1,1,3,5,6.3174483E7,274294623164,,2,3,3,8,6.6845635E7,408865430220,,3,2,1,6,7.0344357E7,770449132861,,1,2,1,4,7.4849187E7,880555885492,,2,3,2,7,,869682881593,0.0751463126432534
24.4,54.3,UAE,Émirats arabes unis,,0,0,0,0,2470810.0,,,0,0,0,0,3026352.0,,,0,0,1,1,3658658.0,,,0,0,0,0,6798635.0,,,0,0,0,0,9205651.0,,,1,0,0,1,,,
1.28,32.39,UGA,Ouganda,UGA,0,0,1,1,2.1407693E7,6044585327,,0,0,0,0,2.4275641E7,6193246837,,0,0,0,0,2.7766986E7,7939487548,,0,0,0,0,3.1778799E7,14440404132,,1,0,0,1,3.634586E7,27305915911,,0,0,0,0,,29203988696,0.0108560295345595
-33.0,-56.0,URU,Uruguay,,0,0,0,0,3247585.0,,,0,1,0,1,3320841.0,,,0,0,0,0,3323822.0,,,0,0,0,0,3348898.0,,,0,0,0,0,3395253.0,,,0,0,0,0,,,
39.828175,-98.5795,USA,États-Unis,,43,37,116,196,,8073122000000,,36,49,95,180,2.81421906E8,10250947997000,,49,53,89,191,,12217193198000,,56,76,98,230,,14769857911000,,42,38,97,177,,16253972230000,,48,34,91,173,3.23952889E8,18695110842000,
41.0,66.0,UZB,Ouzbékistan,UZB,1,1,0,2,,13948892216,,2,0,1,3,,13760513969,,1,2,2,5,,12030023548,,3,1,1,5,,29549438884,,2,0,1,3,,67517349212,0.0,4,2,3,9,3.15764E7,86138288633,0.0
8.0,-67.0,VEN,Venezuela,,0,0,0,0,2.2556838E7,70543211119,,0,0,0,0,2.4407553E7,117146466003,,2,0,0,2,2.6261326E7,112451400425,,1,0,0,1,2.8120312E7,315953388511,,0,0,1,1,2.9954782E7,381286237848,,2,1,0,3,,,
16.0,108.0,VIE,,,0,0,0,0,,,,0,1,0,1,,,,0,0,0,0,,,,0,1,0,1,,,,0,0,0,0,,,,0,1,0,1,,,
-19.0,30.0,ZIM,Zimbabwe,,0,0,0,0,1.184611E7,,,0,0,0,0,1.2503652E7,,,1,0,0,1,1.2693047E7,,,0,1,0,1,1.2784041E7,,,0,0,0,0,1.3724317E7,,,0,0,0,0,,,
