{
  "script": {
    "steps": [],
    "maxProcessedMemTableBytes": -1,
    "columnsSelection": {
      "mode": "ALL"
    },
    "columnWidthsByName": {
      "1993": 100,
      "1994": 100,
      "1995": 100,
      "1996": 100,
      "1997": 100,
      "1998": 100,
      "1999": 100,
      "2000": 100,
      "2001": 100,
      "2002": 100,
      "2003": 100,
      "2004": 100,
      "2005": 100,
      "2006": 100,
      "2007": 100,
      "2008": 100,
      "2009": 100,
      "2010": 100,
      "2011": 100,
      "2012": 100,
      "2013": 100,
      "2014": 100,
      "2015": 100,
      "2016": 100,
      "2017": 100,
      "2018": 100,
      "2019": 100,
      "2020": 100,
      "2021": 100,
      "2022": 100,
      "Country Name": 176,
      "Country Code": 105,
      "COFOG Function Name": 300,
      "COFOG Function Code": 158,
      "Sector Name": 300,
      "Sector Code": 100,
      "Unit Name": 134,
      "Unit Code": 113,
      "Attribute": 260,
      "Indicator Code": 120,
      "Global DSD Time Series Code": 218,
      "col_41": 100
    },
    "columnUseScientificNotationByName": {},
    "coloring": {
      "scheme": "MEANING_AND_STATUS",
      "individualColumns": [],
      "valueColoringMode": "HASH"
    },
    "sorting": [],
    "analysisColumnData": {},
    "explorationSampling": {
      "selection": {
        "maxRecordsForDisplay": -1,
        "maxStoredBytes": 104857600,
        "timeout": -1,
        "filter": {
          "distinct": false,
          "enabled": false
        },
        "partitionSelectionMethod": "ALL",
        "latestPartitionsN": 1,
        "ordering": {
          "enabled": false,
          "rules": []
        },
        "samplingMethod": "HEAD_SEQUENTIAL",
        "maxRecords": 10000,
        "targetRatio": 0.02,
        "withinFirstN": -1,
        "maxReadUncompressedBytes": -1
      },
      "autoRefreshSample": false,
      "_refreshTrigger": 0
    },
    "vizSampling": {
      "selection": {
        "useMemTable": false,
        "filter": {
          "distinct": false,
          "enabled": false
        },
        "partitionSelectionMethod": "ALL",
        "latestPartitionsN": 1,
        "ordering": {
          "enabled": false,
          "rules": []
        },
        "samplingMethod": "FULL",
        "maxRecords": -1,
        "targetRatio": 0.02,
        "withinFirstN": -1,
        "maxReadUncompressedBytes": -1
      },
      "autoRefreshSample": false,
      "_refreshTrigger": 0
    },
    "exploreUIParams": {
      "autoRefresh": true
    },
    "globalSearchQuery": "United",
    "explorationFilters": [],
    "previewMode": "ALL_ROWS"
  },
  "charts": [],
  "interactiveSearch": {
    "savedQueries": []
  }
}