{
  "script": {
    "steps": [],
    "maxProcessedMemTableBytes": -1,
    "columnsSelection": {
      "mode": "ALL"
    },
    "columnWidthsByName": {
      "geopoint.value": 148,
      "NOC": 100,
      "Noms - Pays": 120,
      "Code": 100,
      "1996 - Bronze": 113,
      "1996 - Silver": 113,
      "1996 - Gold": 100,
      "1996 - Médailles": 135,
      "1996 - Pop": 134,
      "1996 - GDP": 120,
      "1996 - FMI": 134,
      "2000 - Bronze": 113,
      "2000 - Silver": 113,
      "2000 - Gold": 100,
      "2000 - Médailles": 135,
      "2000 - Pop": 134,
      "2000 - GDP": 120,
      "2000 - FMI": 134,
      "2004 - Bronze": 113,
      "2004 - Silver": 113,
      "2004 - Gold": 100,
      "2004 - Médailles": 135,
      "2004 - Pop": 134,
      "2004 - FMI": 134,
      "2008 - Bronze": 113,
      "2008 - Silver": 113,
      "2008 - Gold": 100,
      "2008 - Médailles": 135,
      "2008 - Pop": 134,
      "2008 - GDP": 120,
      "2008 - FMI": 134,
      "2012 - Bronze": 113,
      "2012 - Silver": 113,
      "2012 - Gold": 100,
      "2012 - Médailles": 135,
      "2012 - Pop": 134,
      "2012 - GDP": 120,
      "2012 - FMI": 134,
      "2016 - Bronze": 113,
      "2016 - Silver": 113,
      "2016 - Gold": 100,
      "2016 - Médailles": 135,
      "2016 - Pop": 134,
      "2016 - GDP": 120,
      "2016 - FMI": 134,
      "2004 - GDP": 120
    },
    "columnUseScientificNotationByName": {},
    "coloring": {
      "scheme": "MEANING_AND_STATUS",
      "individualColumns": [],
      "valueColoringMode": "HASH"
    },
    "sorting": [],
    "analysisColumnData": {},
    "explorationSampling": {
      "selection": {
        "maxRecordsForDisplay": -1,
        "maxStoredBytes": 104857600,
        "timeout": -1,
        "filter": {
          "distinct": false,
          "enabled": false
        },
        "partitionSelectionMethod": "ALL",
        "latestPartitionsN": 1,
        "ordering": {
          "enabled": false,
          "rules": []
        },
        "samplingMethod": "HEAD_SEQUENTIAL",
        "maxRecords": 10000,
        "targetRatio": 0.02,
        "withinFirstN": -1,
        "maxReadUncompressedBytes": -1
      },
      "autoRefreshSample": false,
      "_refreshTrigger": 1706289033983
    },
    "vizSampling": {
      "selection": {
        "useMemTable": false,
        "filter": {
          "distinct": false,
          "enabled": false
        },
        "partitionSelectionMethod": "ALL",
        "latestPartitionsN": 1,
        "ordering": {
          "enabled": false,
          "rules": []
        },
        "samplingMethod": "FULL",
        "maxRecords": -1,
        "targetRatio": 0.02,
        "withinFirstN": -1,
        "maxReadUncompressedBytes": -1
      },
      "autoRefreshSample": false,
      "_refreshTrigger": 0
    },
    "exploreUIParams": {
      "autoRefresh": true
    },
    "globalSearchQuery": "",
    "explorationFilters": [],
    "previewMode": "ALL_ROWS"
  },
  "charts": [],
  "interactiveSearch": {
    "savedQueries": []
  }
}