http://www.w3.org/2001/XMLSchema#decimal	literal	2657909	http://www.opengis.net/ont/geosparql#wktLiteral	literal	Point(-1.866666666 55.0)	en	literal	North East England
http://www.w3.org/2001/XMLSchema#decimal	literal	2669941	http://www.opengis.net/ont/geosparql#wktLiteral	literal	Point(-1.866666666 55.0)	en	literal	North East England
http://www.w3.org/2001/XMLSchema#decimal	literal	5900757	http://www.opengis.net/ont/geosparql#wktLiteral	literal	Point(-2.29 52.47)	en	literal	West Midlands
http://www.w3.org/2001/XMLSchema#decimal	literal	5934037	http://www.opengis.net/ont/geosparql#wktLiteral	literal	Point(-2.29 52.47)	en	literal	West Midlands
http://www.w3.org/2001/XMLSchema#decimal	literal	6021653	http://www.opengis.net/ont/geosparql#wktLiteral	literal	Point(-2.29 52.47)	en	literal	West Midlands
http://www.w3.org/2001/XMLSchema#decimal	literal	8961989	http://www.opengis.net/ont/geosparql#wktLiteral	literal	Point(-0.083333333 51.483333333)	en	literal	London
http://www.w3.org/2001/XMLSchema#decimal	literal	7084300	http://www.opengis.net/ont/geosparql#wktLiteral	literal	Point(-2.75 54.075)	en	literal	North West England
http://www.w3.org/2001/XMLSchema#decimal	literal	5316700	http://www.opengis.net/ont/geosparql#wktLiteral	literal	Point(-1.2 53.566666666)	en	literal	Yorkshire and the Humber
http://www.w3.org/2001/XMLSchema#decimal	literal	4567700	http://www.opengis.net/ont/geosparql#wktLiteral	literal	Point(-0.75 52.98)	en	literal	East Midlands
http://www.w3.org/2001/XMLSchema#decimal	literal	6201214	http://www.opengis.net/ont/geosparql#wktLiteral	literal	Point(0.41 52.24)	en	literal	East of England
http://www.w3.org/2001/XMLSchema#decimal	literal	4533222	http://www.opengis.net/ont/geosparql#wktLiteral	literal	Point(-0.75 52.98)	en	literal	East Midlands
http://www.w3.org/2001/XMLSchema#decimal	literal	6236072	http://www.opengis.net/ont/geosparql#wktLiteral	literal	Point(0.41 52.24)	en	literal	East of England
http://www.w3.org/2001/XMLSchema#decimal	literal	6398497	http://www.opengis.net/ont/geosparql#wktLiteral	literal	Point(0.41 52.24)	en	literal	East of England
http://www.w3.org/2001/XMLSchema#decimal	literal	5479615	http://www.opengis.net/ont/geosparql#wktLiteral	literal	Point(-1.2 53.566666666)	en	literal	Yorkshire and the Humber
http://www.w3.org/2001/XMLSchema#decimal	literal	5502967	http://www.opengis.net/ont/geosparql#wktLiteral	literal	Point(-1.2 53.566666666)	en	literal	Yorkshire and the Humber
http://www.w3.org/2001/XMLSchema#decimal	literal	5541262	http://www.opengis.net/ont/geosparql#wktLiteral	literal	Point(-1.2 53.566666666)	en	literal	Yorkshire and the Humber
http://www.w3.org/2001/XMLSchema#decimal	literal	5339600	http://www.opengis.net/ont/geosparql#wktLiteral	literal	Point(-3.22 50.96)	en	literal	South West England
http://www.w3.org/2001/XMLSchema#decimal	literal	4804149	http://www.opengis.net/ont/geosparql#wktLiteral	literal	Point(-0.75 52.98)	en	literal	East Midlands
http://www.w3.org/2001/XMLSchema#decimal	literal	4835928	http://www.opengis.net/ont/geosparql#wktLiteral	literal	Point(-0.75 52.98)	en	literal	East Midlands
http://www.w3.org/2001/XMLSchema#decimal	literal	4934939	http://www.opengis.net/ont/geosparql#wktLiteral	literal	Point(-0.75 52.98)	en	literal	East Midlands
http://www.w3.org/2001/XMLSchema#decimal	literal	2602300	http://www.opengis.net/ont/geosparql#wktLiteral	literal	Point(-1.866666666 55.0)	en	literal	North East England
http://www.w3.org/2001/XMLSchema#decimal	literal	2683040	http://www.opengis.net/ont/geosparql#wktLiteral	literal	Point(-1.866666666 55.0)	en	literal	North East England
http://www.w3.org/2001/XMLSchema#decimal	literal	5599735	http://www.opengis.net/ont/geosparql#wktLiteral	literal	Point(-3.22 50.96)	en	literal	South West England
http://www.w3.org/2001/XMLSchema#decimal	literal	5624696	http://www.opengis.net/ont/geosparql#wktLiteral	literal	Point(-3.22 50.96)	en	literal	South West England
http://www.w3.org/2001/XMLSchema#decimal	literal	5764881	http://www.opengis.net/ont/geosparql#wktLiteral	literal	Point(-3.22 50.96)	en	literal	South West England
http://www.w3.org/2001/XMLSchema#decimal	literal	5602000	http://www.opengis.net/ont/geosparql#wktLiteral	literal	Point(-2.29 52.47)	en	literal	West Midlands
http://www.w3.org/2001/XMLSchema#decimal	literal	5642600	http://www.opengis.net/ont/geosparql#wktLiteral	literal	Point(-2.29 52.47)	en	literal	West Midlands
http://www.w3.org/2001/XMLSchema#decimal	literal	7292093	http://www.opengis.net/ont/geosparql#wktLiteral	literal	Point(-2.75 54.075)	en	literal	North West England
http://www.w3.org/2001/XMLSchema#decimal	literal	7341196	http://www.opengis.net/ont/geosparql#wktLiteral	literal	Point(-2.75 54.075)	en	literal	North West England
http://www.w3.org/2001/XMLSchema#decimal	literal	7516113	http://www.opengis.net/ont/geosparql#wktLiteral	literal	Point(-2.75 54.075)	en	literal	North West England
http://www.w3.org/2001/XMLSchema#decimal	literal	8724700	http://www.opengis.net/ont/geosparql#wktLiteral	literal	Point(-0.8 51.3)	en	literal	South East England
http://www.w3.org/2001/XMLSchema#decimal	literal	9133625	http://www.opengis.net/ont/geosparql#wktLiteral	literal	Point(-0.8 51.3)	en	literal	South East England
http://www.w3.org/2001/XMLSchema#decimal	literal	9180135	http://www.opengis.net/ont/geosparql#wktLiteral	literal	Point(-0.8 51.3)	en	literal	South East England
http://www.w3.org/2001/XMLSchema#decimal	literal	5907300	http://www.opengis.net/ont/geosparql#wktLiteral	literal	Point(0.41 52.24)	en	literal	East of England
http://www.w3.org/2001/XMLSchema#decimal	literal	9379833	http://www.opengis.net/ont/geosparql#wktLiteral	literal	Point(-0.8 51.3)	en	literal	South East England
