{
  "type": "HTTP",
  "managed": false,
  "featureGroup": false,
  "formatType": "json",
  "checklists": {
    "checklists": []
  },
  "checks": [],
  "customMeta": {
    "kv": {}
  },
  "flowOptions": {
    "virtualizable": false,
    "rebuildBehavior": "NORMAL",
    "crossProjectBuildBehavior": "DEFAULT"
  },
  "readWriteOptions": {
    "preserveOrder": false,
    "writeBuckets": 1,
    "forceSingleOutputFile": false,
    "defaultReadOrdering": {
      "enabled": false,
      "rules": []
    }
  },
  "formatParams": {
    "maxExpansionDepth": -1,
    "nestedArraysHandling": "PRESERVE",
    "extractFromSingleElement": true,
    "rootPath": "results.bindings",
    "nestedArraysMaxElements": 100,
    "nestedArraysMaxContentSize": 300000,
    "headerRow": false
  },
  "partitioning": {
    "ignoreNonMatchingFile": false,
    "considerMissingRequestedPartitionsAsEmpty": false,
    "dimensions": []
  },
  "versionTag": {
    "versionNumber": 0,
    "lastModifiedBy": {
      "login": "admin"
    },
    "lastModifiedOn": 1705401087009
  },
  "creationTag": {
    "versionNumber": 0,
    "lastModifiedBy": {
      "login": "admin"
    },
    "lastModifiedOn": 1705401087009
  },
  "tags": [],
  "params": {
    "sources": [
      {
        "url": "http://query.wikidata.org/bigdata/namespace/wdq/sparql?format\u003dJSON\u0026query\u003dSELECT%20%3FpaysLabel%20%3Fpopulation%20%3Fdate%20%3Fcio%20%3FisoCode%0A%0AWHERE%20%0A%0A%7B%0A%20%20%3Fpays%20wdt%3AP31%20wd%3AQ6256.%0A%20%20%23liste%20de%20tous%20les%20pays%20%0A%20%20%3Fpays%20wdt%3AP984%20%3Fcio.%0A%20%20%23liste%20de%20tous%20les%20code%20CIO%20des%20pays%0A%20%20%3Fpays%20wdt%3AP298%20%3FisoCode.%0A%20%20%0A%20%20%3Fpays%20p%3AP1082%20%3FpopulationStatement.%0A%20%20%23on%20r%C3%A9cup%C3%A8re%20ici%20la%20%22d%C3%A9claration%20de%20population%22%20car%20notre%20parcours%20de%20graph%20se%20fait%20en%20%224%20temps%22%20%0A%20%20%23%20pour%20pouvoir%20r%C3%A9cup%C3%A9rer%20les%20donn%C3%A9es%20des%2030%20derni%C3%A8res%20ann%C3%A9es%20%3A%20on%20part%20du%20pays%2C%20on%20r%C3%A9cup%C3%A8re%20la%20d%C3%A9claration%20%0A%20%20%23%20de%20population%2C%20sa%20date%20(avec%20la%20pr%C3%A9fixe%20pq)%20et%20la%20quantit%C3%A9%20(pr%C3%A9fixe%20ps)%20%0A%20%20%3FpopulationStatement%20ps%3AP1082%20%3Fpopulation.%0A%20%20%23population%20%0A%20%20%3FpopulationStatement%20pq%3AP585%20%3Fdate.%0A%20%20%23date%20%0A%20%20%0A%20%20FILTER(YEAR(%3Fdate)%20%3E%3D%20(YEAR(NOW())%20-%2030)).%0A%20%20%0A%20%20%23on%20met%20un%20filtre%20sur%20la%20date%20pour%20prendre%20les%20trente%20derni%C3%A8res%20ann%C3%A9es%20%C3%A0%20partir%20de%20maintenant%20(NOW)%20%0A%20%20%0A%20%20%0A%20%20SERVICE%20wikibase%3Alabel%20%7B%20bd%3AserviceParam%20wikibase%3Alanguage%20%22%5BAUTO_LANGUAGE%5D%2Cfr%22.%20%7D%0A%20%20%20%20%20%20%20%20%20%20%20%7D%0A%0AORDER%20BY%20%3FpaysLabel%20%3Fdate%0A"
      }
    ],
    "consider404AsEmpty": true,
    "fallbackHeadToGet": true,
    "notReadyIfEmpty": false,
    "useGlobalProxy": true,
    "trustAnySSLCertificate": false,
    "previewPartition": "",
    "partitions": []
  },
  "schema": {
    "columns": [
      {"name":"cio.type","type":"string"},
      {"name":"cio.value","type":"string"},
      {"name":"isoCode.type","type":"string"},
      {"name":"isoCode.value","type":"string"},
      {"name":"paysLabel.xml:lang","type":"string"},
      {"name":"paysLabel.type","type":"string"},
      {"name":"paysLabel.value","type":"string"},
      {"name":"population.datatype","type":"string"},
      {"name":"population.type","type":"string"},
      {"name":"population.value","type":"string"},
      {"name":"date.datatype","type":"string"},
      {"name":"date.type","type":"string"},
      {"name":"date.value","type":"string"}
    ],
    "userModified": true
  },
  "dkuProperties": [],
  "metrics": {
    "probes": [
      {
        "type": "basic",
        "enabled": true,
        "computeOnBuildMode": "PARTITION",
        "meta": {
          "name": "Basic data",
          "level": 0
        },
        "configuration": {}
      },
      {
        "type": "records",
        "enabled": true,
        "computeOnBuildMode": "NO",
        "meta": {
          "name": "Record count",
          "level": 0
        },
        "configuration": {}
      }
    ],
    "engineConfig": {
      "padRunsWithMetrics": false,
      "hive": {
        "active": true,
        "extraConf": []
      },
      "basic": {},
      "dss": {
        "active": true,
        "selection": {
          "useMemTable": false,
          "filter": {
            "distinct": false,
            "enabled": false
          },
          "partitionSelectionMethod": "ALL",
          "latestPartitionsN": 1,
          "ordering": {
            "enabled": false,
            "rules": []
          },
          "samplingMethod": "FULL",
          "maxRecords": -1,
          "targetRatio": 0.02,
          "withinFirstN": -1,
          "maxReadUncompressedBytes": -1
        }
      },
      "sql": {
        "active": true
      },
      "impala": {
        "active": true
      },
      "spark": {
        "active": true,
        "extraConf": []
      },
      "python": {}
    },
    "displayedState": {
      "columns": [],
      "metrics": [
        "basic:COUNT_COLUMNS",
        "basic:COUNT_FILES",
        "basic:SIZE",
        "records:COUNT_RECORDS"
      ]
    }
  },
  "metricsChecks": {
    "runOnBuild": false,
    "checks": [],
    "displayedState": {
      "checks": []
    }
  },
  "customFields": {}
}