http://www.w3.org/2001/XMLSchema#decimal	literal	8114361	http://www.opengis.net/ont/geosparql#wktLiteral	literal	Point(4.8 45.7)	fr	literal	Auvergne-Rhône-Alpes
http://www.w3.org/2001/XMLSchema#decimal	literal	2800194	http://www.opengis.net/ont/geosparql#wktLiteral	literal	Point(6.0305 47.234527777)	fr	literal	Bourgogne-Franche-Comté
http://www.w3.org/2001/XMLSchema#decimal	literal	3394567	http://www.opengis.net/ont/geosparql#wktLiteral	literal	Point(-3.0 48.0)	fr	literal	Bretagne
http://www.w3.org/2001/XMLSchema#decimal	literal	2573303	http://www.opengis.net/ont/geosparql#wktLiteral	literal	Point(1.75 47.5)	fr	literal	Centre-Val de Loire
http://www.w3.org/2001/XMLSchema#decimal	literal	347597	http://www.opengis.net/ont/geosparql#wktLiteral	literal	Point(9.083333333 42.15)	fr	literal	Corse
http://www.w3.org/2001/XMLSchema#decimal	literal	5561287	http://www.opengis.net/ont/geosparql#wktLiteral	literal	Point(7.7599 48.5989)	fr	literal	Grand Est
http://www.w3.org/2001/XMLSchema#decimal	literal	384315	http://www.opengis.net/ont/geosparql#wktLiteral	literal	Point(-61.5605 16.2595)	fr	literal	Guadeloupe
http://www.w3.org/2001/XMLSchema#decimal	literal	286618	http://www.opengis.net/ont/geosparql#wktLiteral	literal	Point(-52.99994 3.99886)	fr	literal	Guyane
http://www.w3.org/2001/XMLSchema#decimal	literal	5995292	http://www.opengis.net/ont/geosparql#wktLiteral	literal	Point(2.7029777 49.9205573)	fr	literal	Hauts-de-France
http://www.w3.org/2001/XMLSchema#decimal	literal	871157	http://www.opengis.net/ont/geosparql#wktLiteral	literal	Point(55.5325 -21.114444444)	fr	literal	La Réunion
http://www.w3.org/2001/XMLSchema#decimal	literal	360749	http://www.opengis.net/ont/geosparql#wktLiteral	literal	Point(-61.015 14.65)	fr	literal	Martinique
http://www.w3.org/2001/XMLSchema#decimal	literal	3327966	http://www.opengis.net/ont/geosparql#wktLiteral	literal	Point(-0.352777777 49.186388888)	fr	literal	Normandie
http://www.w3.org/2001/XMLSchema#decimal	literal	6069352	http://www.opengis.net/ont/geosparql#wktLiteral	literal	Point(-0.5888 44.8366)	fr	literal	Nouvelle-Aquitaine
http://www.w3.org/2001/XMLSchema#decimal	literal	6022176	http://www.opengis.net/ont/geosparql#wktLiteral	literal	Point(2.343568369 43.648785141)	fr	literal	Occitanie
http://www.w3.org/2001/XMLSchema#decimal	literal	3853999	http://www.opengis.net/ont/geosparql#wktLiteral	literal	Point(-0.855 47.4175)	fr	literal	Pays de la Loire
http://www.w3.org/2001/XMLSchema#decimal	literal	5127840	http://www.opengis.net/ont/geosparql#wktLiteral	literal	Point(6.0 44.0)	fr	literal	Provence-Alpes-Côte d'Azur
http://www.w3.org/2001/XMLSchema#decimal	literal	12317279	http://www.opengis.net/ont/geosparql#wktLiteral	literal	Point(2.3176 48.8522)	fr	literal	Île-de-France
