{
  "type": "join",
  "neverRecomputeExistingPartitions": false,
  "optionalDependencies": false,
  "customMeta": {
    "kv": {}
  },
  "redispatchPartitioning": false,
  "maxRunningActivities": 0,
  "variables": {},
  "dkuProperties": [],
  "inputs": {
    "main": {
      "items": [
        {
          "ref": "Sparql-England-Region_prepared",
          "deps": []
        },
        {
          "ref": "England-Infra-Join",
          "deps": []
        }
      ]
    }
  },
  "outputs": {
    "main": {
      "items": [
        {
          "ref": "England-Infra-Region-Join",
          "appendMode": false
        }
      ]
    }
  },
  "labels": [],
  "versionTag": {
    "versionNumber": 7,
    "lastModifiedBy": {
      "login": "admin"
    },
    "lastModifiedOn": 1706437647878
  },
  "creationTag": {
    "versionNumber": 0,
    "lastModifiedBy": {
      "login": "admin"
    },
    "lastModifiedOn": 1706216877260
  },
  "tags": [],
  "customFields": {},
  "checklists": {
    "checklists": []
  }
}