{
  "type": "shaker",
  "neverRecomputeExistingPartitions": false,
  "optionalDependencies": false,
  "params": {
    "engineParams": {
      "spark": {
        "readParams": {
          "mode": "AUTO",
          "autoModeRepartitionInto": 10,
          "map": {
            "England-Medals-Swim": {
              "repartition": 10
            }
          }
        },
        "useGlobalMetastore": false,
        "useNativeProcessors": true,
        "sparkConfig": {
          "inheritConf": "default",
          "conf": []
        },
        "executionEngine": "SPARK_SUBMIT",
        "pipelineAllowStart": true,
        "pipelineAllowMerge": true,
        "skipPrerunValidate": false
      },
      "hive": {
        "inheritConf": "default",
        "hiveconf": [],
        "executionEngine": "HIVESERVER2",
        "addDkuUdf": false,
        "skipPrerunValidate": false
      },
      "impala": {
        "forceStreamMode": true
      },
      "hadoopConfigKeys": [],
      "sqlPipelineParams": {
        "pipelineAllowStart": true,
        "pipelineAllowMerge": true
      },
      "maxThreads": 8
    }
  },
  "customMeta": {
    "kv": {}
  },
  "redispatchPartitioning": false,
  "maxRunningActivities": 0,
  "variables": {},
  "dkuProperties": [],
  "inputs": {
    "main": {
      "items": [
        {
          "ref": "England-Medals-Split",
          "deps": []
        }
      ]
    }
  },
  "outputs": {
    "main": {
      "items": [
        {
          "ref": "England-Medals-Swim",
          "appendMode": false
        }
      ]
    }
  },
  "labels": [],
  "versionTag": {
    "versionNumber": 3,
    "lastModifiedBy": {
      "login": "admin"
    },
    "lastModifiedOn": 1706437491828
  },
  "creationTag": {
    "versionNumber": 0,
    "lastModifiedBy": {
      "login": "admin"
    },
    "lastModifiedOn": 1706436155038
  },
  "tags": [],
  "customFields": {},
  "checklists": {
    "checklists": []
  }
}