{
  "type": "split",
  "neverRecomputeExistingPartitions": false,
  "optionalDependencies": false,
  "customMeta": {
    "kv": {}
  },
  "redispatchPartitioning": false,
  "maxRunningActivities": 0,
  "variables": {},
  "dkuProperties": [],
  "inputs": {
    "main": {
      "items": [
        {
          "ref": "Kaggle-Swim_group",
          "deps": []
        }
      ]
    }
  },
  "outputs": {
    "main": {
      "items": [
        {
          "ref": "England-Medals-Split",
          "appendMode": false
        },
        {
          "ref": "France-Medals-Split",
          "appendMode": false
        }
      ]
    }
  },
  "labels": [],
  "versionTag": {
    "versionNumber": 8,
    "lastModifiedBy": {
      "login": "admin"
    },
    "lastModifiedOn": 1706437719702
  },
  "creationTag": {
    "versionNumber": 0,
    "lastModifiedBy": {
      "login": "admin"
    },
    "lastModifiedOn": 1706287821380
  },
  "tags": [],
  "customFields": {},
  "checklists": {
    "checklists": []
  }
}