literal	NOR	http://www.opengis.net/ont/geosparql#wktLiteral	literal	Point(11.0 65.0)	en	literal	Norway
literal	MNE	http://www.opengis.net/ont/geosparql#wktLiteral	literal	Point(19.216667 42.766667)	en	literal	Montenegro
literal	BLR	http://www.opengis.net/ont/geosparql#wktLiteral	literal	Point(28.046666666 53.528333333)	en	literal	Belarus
literal	CHN	http://www.opengis.net/ont/geosparql#wktLiteral	literal	Point(103.451944444 35.844722222)	en	literal	People's Republic of China
literal	ANT	http://www.opengis.net/ont/geosparql#wktLiteral	literal	Point(-61.85 17.116666666)	en	literal	Antigua and Barbuda
literal	MEX	http://www.opengis.net/ont/geosparql#wktLiteral	literal	Point(-102.0 23.0)	en	literal	Mexico
literal	COL	http://www.opengis.net/ont/geosparql#wktLiteral	literal	Point(-73.25 4.0)	en	literal	Colombia
literal	IRL	http://www.opengis.net/ont/geosparql#wktLiteral	literal	Point(-8.0 53.0)	en	literal	Republic of Ireland
literal	FIN	http://www.opengis.net/ont/geosparql#wktLiteral	literal	Point(27.0 65.0)	en	literal	Finland
literal	GBR	http://www.opengis.net/ont/geosparql#wktLiteral	literal	Point(-2.0 54.6)	en	literal	United Kingdom
literal	ECU	http://www.opengis.net/ont/geosparql#wktLiteral	literal	Point(-78.0 -1.0)	en	literal	Ecuador
literal	BOL	http://www.opengis.net/ont/geosparql#wktLiteral	literal	Point(-64.991228611 -17.056869611)	en	literal	Bolivia
literal	ALG	http://www.opengis.net/ont/geosparql#wktLiteral	literal	Point(1.0 28.0)	en	literal	Algeria
literal	CUB	http://www.opengis.net/ont/geosparql#wktLiteral	literal	Point(-79.5 22.0)	en	literal	Cuba
literal	ARM	http://www.opengis.net/ont/geosparql#wktLiteral	literal	Point(44.95 40.383333)	en	literal	Armenia
literal	GRE	http://www.opengis.net/ont/geosparql#wktLiteral	literal	Point(23.0 38.5)	en	literal	Greece
literal	SGP	http://www.opengis.net/ont/geosparql#wktLiteral	literal	Point(103.8 1.3)	en	literal	Singapore
literal	ISL	http://www.opengis.net/ont/geosparql#wktLiteral	literal	Point(-19.0 65.0)	en	literal	Iceland
literal	GRN	http://www.opengis.net/ont/geosparql#wktLiteral	literal	Point(-61.666667 12.116667)	en	literal	Grenada
literal	FSM	http://www.opengis.net/ont/geosparql#wktLiteral	literal	Point(158.183333333 6.916666666)	en	literal	Federated States of Micronesia
literal	MGL	http://www.opengis.net/ont/geosparql#wktLiteral	literal	Point(105.0 46.0)	en	literal	Mongolia
literal	RUS	http://www.opengis.net/ont/geosparql#wktLiteral	literal	Point(94.25 66.416666666)	en	literal	Russia
literal	USA	http://www.opengis.net/ont/geosparql#wktLiteral	literal	Point(-98.5795 39.828175)	en	literal	United States of America
literal	SVK	http://www.opengis.net/ont/geosparql#wktLiteral	literal	Point(20.0 49.0)	en	literal	Slovakia
literal	NRU	http://www.opengis.net/ont/geosparql#wktLiteral	literal	Point(166.935 -0.5275)	en	literal	Nauru
literal	TUR	http://www.opengis.net/ont/geosparql#wktLiteral	literal	Point(36.0 39.0)	en	literal	Turkey
literal	VEN	http://www.opengis.net/ont/geosparql#wktLiteral	literal	Point(-67.0 8.0)	en	literal	Venezuela
literal	FRA	http://www.opengis.net/ont/geosparql#wktLiteral	literal	Point(2.0 47.0)	en	literal	France
literal	CRO	http://www.opengis.net/ont/geosparql#wktLiteral	literal	Point(15.466667 45.25)	en	literal	Croatia
literal	LCA	http://www.opengis.net/ont/geosparql#wktLiteral	literal	Point(-60.966666666 13.883333333)	en	literal	Saint Lucia
literal	AUT	http://www.opengis.net/ont/geosparql#wktLiteral	literal	Point(14.0 48.0)	en	literal	Austria
literal	PRK	http://www.opengis.net/ont/geosparql#wktLiteral	literal	Point(127.0 40.0)	en	literal	North Korea
literal	ALB	http://www.opengis.net/ont/geosparql#wktLiteral	literal	Point(20.0 41.0)	en	literal	Albania
literal	GUY	http://www.opengis.net/ont/geosparql#wktLiteral	literal	Point(-59.316667 5.733333)	en	literal	Guyana
literal	LIE	http://www.opengis.net/ont/geosparql#wktLiteral	literal	Point(9.553889 47.145)	en	literal	Liechtenstein
literal	SUI	http://www.opengis.net/ont/geosparql#wktLiteral	literal	Point(8.231973 46.798562)	en	literal	Switzerland
literal	TUV	http://www.opengis.net/ont/geosparql#wktLiteral	literal	Point(178.005556 -7.475)	en	literal	Tuvalu
literal	GER	http://www.opengis.net/ont/geosparql#wktLiteral	literal	Point(10.0 51.0)	en	literal	Germany
literal	POR	http://www.opengis.net/ont/geosparql#wktLiteral	literal	Point(-9.183333333 38.7)	en	literal	Portugal
literal	BRN	http://www.opengis.net/ont/geosparql#wktLiteral	literal	Point(50.551111 26.0675)	en	literal	Bahrain
literal	ITA	http://www.opengis.net/ont/geosparql#wktLiteral	literal	Point(12.5 42.5)	en	literal	Italy
literal	ARG	http://www.opengis.net/ont/geosparql#wktLiteral	literal	Point(-64.0 -34.0)	en	literal	Argentina
literal	SAM	http://www.opengis.net/ont/geosparql#wktLiteral	literal	Point(-172.2175 -13.745)	en	literal	Samoa
literal	IND	http://www.opengis.net/ont/geosparql#wktLiteral	literal	Point(83.0 22.8)	en	literal	India
literal	TLS	http://www.opengis.net/ont/geosparql#wktLiteral	literal	Point(125.75 -8.966667)	en	literal	East Timor
literal	BEL	http://www.opengis.net/ont/geosparql#wktLiteral	literal	Point(4.668055555 50.641111111)	en	literal	Belgium
literal	SWE	http://www.opengis.net/ont/geosparql#wktLiteral	literal	Point(15.0 61.0)	en	literal	Sweden
literal	KAZ	http://www.opengis.net/ont/geosparql#wktLiteral	literal	Point(68.0 48.0)	en	literal	Kazakhstan
literal	VIN	http://www.opengis.net/ont/geosparql#wktLiteral	literal	Point(-61.2296 13.0139)	en	literal	Saint Vincent and the Grenadines
literal	HUN	http://www.opengis.net/ont/geosparql#wktLiteral	literal	Point(19.0 47.0)	en	literal	Hungary
literal	CZE	http://www.opengis.net/ont/geosparql#wktLiteral	literal	Point(15.0 50.0)	en	literal	Czech Republic
literal	DEN	http://www.opengis.net/ont/geosparql#wktLiteral	literal	Point(10.0 56.0)	en	literal	Denmark
literal	PLW	http://www.opengis.net/ont/geosparql#wktLiteral	literal	Point(134.55 7.466667)	en	literal	Palau
literal	AZE	http://www.opengis.net/ont/geosparql#wktLiteral	literal	Point(47.7 40.3)	en	literal	Azerbaijan
literal	PNG	http://www.opengis.net/ont/geosparql#wktLiteral	literal	Point(147.0 -6.3)	en	literal	Papua New Guinea
literal	CAN	http://www.opengis.net/ont/geosparql#wktLiteral	literal	Point(-109.0 56.0)	en	literal	Canada
literal	PER	http://www.opengis.net/ont/geosparql#wktLiteral	literal	Point(-76.0 -9.4)	en	literal	Peru
literal	VAN	http://www.opengis.net/ont/geosparql#wktLiteral	literal	Point(168.016669444 -16.633330555)	en	literal	Vanuatu
literal	POL	http://www.opengis.net/ont/geosparql#wktLiteral	literal	Point(19.0 52.0)	en	literal	Poland
literal	LTU	http://www.opengis.net/ont/geosparql#wktLiteral	literal	Point(24.0 55.2)	en	literal	Lithuania
literal	RSA	http://www.opengis.net/ont/geosparql#wktLiteral	literal	Point(24.0 -29.0)	en	literal	South Africa
literal	ETH	http://www.opengis.net/ont/geosparql#wktLiteral	literal	Point(40.0 9.0)	en	literal	Ethiopia
literal	INA	http://www.opengis.net/ont/geosparql#wktLiteral	literal	Point(118.0 -2.0)	en	literal	Indonesia
literal	LAT	http://www.opengis.net/ont/geosparql#wktLiteral	literal	Point(25.0 57.0)	en	literal	Latvia
literal	AUS	http://www.opengis.net/ont/geosparql#wktLiteral	literal	Point(133.0 -25.0)	en	literal	Australia
literal	KIR	http://www.opengis.net/ont/geosparql#wktLiteral	literal	Point(173.033333333 1.466666666)	en	literal	Kiribati
literal	CHI	http://www.opengis.net/ont/geosparql#wktLiteral	literal	Point(-71.0 -33.0)	en	literal	Chile
literal	AND	http://www.opengis.net/ont/geosparql#wktLiteral	literal	Point(1.555277777 42.558333333)	en	literal	Andorra
literal	TTO	http://www.opengis.net/ont/geosparql#wktLiteral	literal	Point(-61.516666666 10.666666666)	en	literal	Trinidad and Tobago
literal	MKD	http://www.opengis.net/ont/geosparql#wktLiteral	literal	Point(21.716667 41.65)	en	literal	North Macedonia
literal	BRA	http://www.opengis.net/ont/geosparql#wktLiteral	literal	Point(-53.0 -14.0)	en	literal	Brazil
literal	EST	http://www.opengis.net/ont/geosparql#wktLiteral	literal	Point(26.0 59.0)	en	literal	Estonia
literal	CYP	http://www.opengis.net/ont/geosparql#wktLiteral	literal	Point(33.0 35.0)	en	literal	Cyprus
literal	CHA	http://www.opengis.net/ont/geosparql#wktLiteral	literal	Point(19.4 15.466667)	en	literal	Chad
literal	PAR	http://www.opengis.net/ont/geosparql#wktLiteral	literal	Point(-58.0 -23.5)	en	literal	Paraguay
literal	MLT	http://www.opengis.net/ont/geosparql#wktLiteral	literal	Point(14.5 35.883333333)	en	literal	Malta
literal	SOL	http://www.opengis.net/ont/geosparql#wktLiteral	literal	Point(159.816666666 -9.466666666)	en	literal	Solomon Islands
literal	BUL	http://www.opengis.net/ont/geosparql#wktLiteral	literal	Point(25.5 42.75)	en	literal	Bulgaria
literal	JPN	http://www.opengis.net/ont/geosparql#wktLiteral	literal	Point(136.0 35.0)	en	literal	Japan
literal	MHL	http://www.opengis.net/ont/geosparql#wktLiteral	literal	Point(169.29 9.82)	en	literal	Marshall Islands
literal	GUA	http://www.opengis.net/ont/geosparql#wktLiteral	literal	Point(-90.25 15.5)	en	literal	Guatemala
literal	SLO	http://www.opengis.net/ont/geosparql#wktLiteral	literal	Point(15.0 46.0)	en	literal	Slovenia
literal	ESP	http://www.opengis.net/ont/geosparql#wktLiteral	literal	Point(-3.5 40.2)	en	literal	Spain
literal	GHA	http://www.opengis.net/ont/geosparql#wktLiteral	literal	Point(-1.08 8.03)	en	literal	Ghana
literal	SKN	http://www.opengis.net/ont/geosparql#wktLiteral	literal	Point(-62.666669444 17.271666666)	en	literal	Saint Kitts and Nevis
literal	FIJ	http://www.opengis.net/ont/geosparql#wktLiteral	literal	Point(178.0 -18.0)	en	literal	Fiji
literal	EGY	http://www.opengis.net/ont/geosparql#wktLiteral	literal	Point(29.0 27.0)	en	literal	Egypt
literal	CAM	http://www.opengis.net/ont/geosparql#wktLiteral	literal	Point(105.0 12.5)	en	literal	Cambodia
literal	JAM	http://www.opengis.net/ont/geosparql#wktLiteral	literal	Point(-77.4 18.18)	en	literal	Jamaica
literal	NZL	http://www.opengis.net/ont/geosparql#wktLiteral	literal	Point(174.0 -41.2)	en	literal	New Zealand
literal	ROU	http://www.opengis.net/ont/geosparql#wktLiteral	literal	Point(25.0 46.0)	en	literal	Romania
literal	UZB	http://www.opengis.net/ont/geosparql#wktLiteral	literal	Point(66.0 41.0)	en	literal	Uzbekistan
literal	NED	http://www.opengis.net/ont/geosparql#wktLiteral	literal	Point(5.55 52.316666666)	en	literal	Netherlands
literal	BAH	http://www.opengis.net/ont/geosparql#wktLiteral	literal	Point(-77.4 25.0)	en	literal	The Bahamas
literal	URU	http://www.opengis.net/ont/geosparql#wktLiteral	literal	Point(-56.0 -33.0)	en	literal	Uruguay
literal	KEN	http://www.opengis.net/ont/geosparql#wktLiteral	literal	Point(38.0 0.1)	en	literal	Kenya
literal	NBO	http://www.opengis.net/ont/geosparql#wktLiteral	literal	Point(117.0 5.25)	en	literal	British North Borneo
literal	PHI	http://www.opengis.net/ont/geosparql#wktLiteral	literal	Point(123.0 12.0)	en	literal	Philippines
literal	TWN	http://www.opengis.net/ont/geosparql#wktLiteral	literal	Point(121.0 24.0)	en	literal	Taiwan
literal	GAM	http://www.opengis.net/ont/geosparql#wktLiteral	literal	Point(-15.5 13.5)	en	literal	the Gambia
literal	SUD	http://www.opengis.net/ont/geosparql#wktLiteral	literal	Point(32.0 15.0)	en	literal	Sudan
literal	SSD	http://www.opengis.net/ont/geosparql#wktLiteral	literal	Point(30.0 7.0)	en	literal	South Sudan
literal	KGZ	http://www.opengis.net/ont/geosparql#wktLiteral	literal	Point(75.0 41.0)	en	literal	Kyrgyzstan
literal	COK	http://www.opengis.net/ont/geosparql#wktLiteral	literal	Point(-159.783333333 -21.233333333)	en	literal	Cook Islands
literal	QAT	http://www.opengis.net/ont/geosparql#wktLiteral	literal	Point(51.212767 25.269535)	en	literal	Qatar
literal	PAK	http://www.opengis.net/ont/geosparql#wktLiteral	literal	Point(71.0 30.0)	en	literal	Pakistan
literal	MRI	http://www.opengis.net/ont/geosparql#wktLiteral	literal	Point(57.5 -20.2)	en	literal	Mauritius
literal	COM	http://www.opengis.net/ont/geosparql#wktLiteral	literal	Point(43.7 -12.3)	en	literal	Comoros
literal	SOM	http://www.opengis.net/ont/geosparql#wktLiteral	literal	Point(47.0 6.0)	en	literal	Somalia
literal	NEP	http://www.opengis.net/ont/geosparql#wktLiteral	literal	Point(84.0 28.0)	en	literal	Nepal
literal	KOR	http://www.opengis.net/ont/geosparql#wktLiteral	literal	Point(128.0 36.0)	en	literal	South Korea
literal	STP	http://www.opengis.net/ont/geosparql#wktLiteral	literal	Point(6.6 0.316667)	en	literal	São Tomé and Príncipe
literal	SYR	http://www.opengis.net/ont/geosparql#wktLiteral	literal	Point(38.583333 35.216667)	en	literal	Syria
literal	CIV	http://www.opengis.net/ont/geosparql#wktLiteral	literal	Point(-6.0 8.0)	en	literal	Ivory Coast
literal	CMR	http://www.opengis.net/ont/geosparql#wktLiteral	literal	Point(12.65 5.133333333)	en	literal	Cameroon
literal	BHU	http://www.opengis.net/ont/geosparql#wktLiteral	literal	Point(90.5 27.45)	en	literal	Bhutan
literal	BEN	http://www.opengis.net/ont/geosparql#wktLiteral	literal	Point(2.183333333 8.833333333)	en	literal	Benin
literal	RWA	http://www.opengis.net/ont/geosparql#wktLiteral	literal	Point(30.0 -2.0)	en	literal	Rwanda
literal	MDV	http://www.opengis.net/ont/geosparql#wktLiteral	literal	Point(73.51 4.18)	en	literal	Maldives
literal	NCA	http://www.opengis.net/ont/geosparql#wktLiteral	literal	Point(-85.0 13.0)	en	literal	Nicaragua
literal	JOR	http://www.opengis.net/ont/geosparql#wktLiteral	literal	Point(36.5 31.2)	en	literal	Jordan
literal	BAN	http://www.opengis.net/ont/geosparql#wktLiteral	literal	Point(89.866667 24.016667)	en	literal	Bangladesh
literal	KSA	http://www.opengis.net/ont/geosparql#wktLiteral	literal	Point(44.116667 23.716667)	en	literal	Saudi Arabia
literal	NAM	http://www.opengis.net/ont/geosparql#wktLiteral	literal	Point(17.0 -23.0)	en	literal	Namibia
literal	ANG	http://www.opengis.net/ont/geosparql#wktLiteral	literal	Point(17.35 -12.35)	en	literal	Angola
literal	MAD	http://www.opengis.net/ont/geosparql#wktLiteral	literal	Point(47.0 -20.0)	en	literal	Madagascar
literal	HAI	http://www.opengis.net/ont/geosparql#wktLiteral	literal	Point(-72.8 19.0)	en	literal	Haiti
literal	ZIM	http://www.opengis.net/ont/geosparql#wktLiteral	literal	Point(30.0 -19.0)	en	literal	Zimbabwe
literal	ZAM	http://www.opengis.net/ont/geosparql#wktLiteral	literal	Point(28.0 -14.0)	en	literal	Zambia
literal	CRC	http://www.opengis.net/ont/geosparql#wktLiteral	literal	Point(-84.0 10.0)	en	literal	Costa Rica
literal	COD	http://www.opengis.net/ont/geosparql#wktLiteral	literal	Point(23.656111111 -2.88)	en	literal	Democratic Republic of the Congo
literal	YEM	http://www.opengis.net/ont/geosparql#wktLiteral	literal	Point(48.0 15.5)	en	literal	Yemen
literal	LBA	http://www.opengis.net/ont/geosparql#wktLiteral	literal	Point(17.0 27.0)	en	literal	Libya
literal	DOM	http://www.opengis.net/ont/geosparql#wktLiteral	literal	Point(-70.2 18.8)	en	literal	Dominican Republic
literal	BOT	http://www.opengis.net/ont/geosparql#wktLiteral	literal	Point(23.7 -22.2)	en	literal	Botswana
literal	CAF	http://www.opengis.net/ont/geosparql#wktLiteral	literal	Point(20.9 6.7)	en	literal	Central African Republic
literal	DJI	http://www.opengis.net/ont/geosparql#wktLiteral	literal	Point(42.433333 11.8)	en	literal	Djibouti
literal	NIG	http://www.opengis.net/ont/geosparql#wktLiteral	literal	Point(10.0 17.0)	en	literal	Niger
literal	TJK	http://www.opengis.net/ont/geosparql#wktLiteral	literal	Point(71.366667 38.583333)	en	literal	Tajikistan
literal	SWZ	http://www.opengis.net/ont/geosparql#wktLiteral	literal	Point(31.433333 -26.483333)	en	literal	Eswatini
literal	MAS	http://www.opengis.net/ont/geosparql#wktLiteral	literal	Point(102.314361666 3.7805111)	en	literal	Malaysia
literal	BUR	http://www.opengis.net/ont/geosparql#wktLiteral	literal	Point(-2.066667 12.266667)	en	literal	Burkina Faso
literal	KOS	http://www.opengis.net/ont/geosparql#wktLiteral	literal	Point(20.833333333 42.55)	en	literal	Kosovo
literal	HON	http://www.opengis.net/ont/geosparql#wktLiteral	literal	Point(-86.816667 14.633333)	en	literal	Honduras
literal	TUN	http://www.opengis.net/ont/geosparql#wktLiteral	literal	Point(10.0 34.0)	en	literal	Tunisia
literal	TAN	http://www.opengis.net/ont/geosparql#wktLiteral	literal	Point(34.853888888 -6.306944444)	en	literal	Tanzania
literal	VIE	http://www.opengis.net/ont/geosparql#wktLiteral	literal	Point(108.0 16.0)	en	literal	Vietnam
literal	TKM	http://www.opengis.net/ont/geosparql#wktLiteral	literal	Point(60.0 39.0)	en	literal	Turkmenistan
literal	SEY	http://www.opengis.net/ont/geosparql#wktLiteral	literal	Point(52.766667 -7.1)	en	literal	Seychelles
literal	ESA	http://www.opengis.net/ont/geosparql#wktLiteral	literal	Point(-88.866111 13.668889)	en	literal	El Salvador
literal	LES	http://www.opengis.net/ont/geosparql#wktLiteral	literal	Point(28.25 -29.55)	en	literal	Lesotho
literal	BRU	http://www.opengis.net/ont/geosparql#wktLiteral	literal	Point(114.566667 4.4)	en	literal	Brunei
literal	MTN	http://www.opengis.net/ont/geosparql#wktLiteral	literal	Point(-11.0 21.0)	en	literal	Mauritania
literal	THA	http://www.opengis.net/ont/geosparql#wktLiteral	literal	Point(101.0 14.0)	en	literal	Thailand
literal	UGA	http://www.opengis.net/ont/geosparql#wktLiteral	literal	Point(32.39 1.28)	en	literal	Uganda
literal	IRI	http://www.opengis.net/ont/geosparql#wktLiteral	literal	Point(53.0 32.0)	en	literal	Iran
literal	NGR	http://www.opengis.net/ont/geosparql#wktLiteral	literal	Point(8.0 9.0)	en	literal	Nigeria
literal	LBN	http://www.opengis.net/ont/geosparql#wktLiteral	literal	Point(35.766667 33.833333)	en	literal	Lebanon
literal	UAE	http://www.opengis.net/ont/geosparql#wktLiteral	literal	Point(54.3 24.4)	en	literal	United Arab Emirates
literal	MAR	http://www.opengis.net/ont/geosparql#wktLiteral	literal	Point(-6.0 32.0)	en	literal	Morocco
literal	ARU	http://www.opengis.net/ont/geosparql#wktLiteral	literal	Point(-69.97422388 12.51106253)	en	literal	Aruba
literal	SLE	http://www.opengis.net/ont/geosparql#wktLiteral	literal	Point(-12.1 8.5)	en	literal	Sierra Leone
literal	SEN	http://www.opengis.net/ont/geosparql#wktLiteral	literal	Point(-14.283333 14.366667)	en	literal	Senegal
literal	ERI	http://www.opengis.net/ont/geosparql#wktLiteral	literal	Point(38.25 15.483333)	en	literal	Eritrea
literal	MAW	http://www.opengis.net/ont/geosparql#wktLiteral	literal	Point(34.0 -13.0)	en	literal	Malawi
literal	CPV	http://www.opengis.net/ont/geosparql#wktLiteral	literal	Point(-23.7 15.3)	en	literal	Cape Verde
literal	MOZ	http://www.opengis.net/ont/geosparql#wktLiteral	literal	Point(35.0 -19.0)	en	literal	Mozambique
literal	OMA	http://www.opengis.net/ont/geosparql#wktLiteral	literal	Point(57.0 21.0)	en	literal	Oman
literal	CGO	http://www.opengis.net/ont/geosparql#wktLiteral	literal	Point(15.383330555 -0.75)	en	literal	Republic of the Congo
literal	GBS	http://www.opengis.net/ont/geosparql#wktLiteral	literal	Point(-15.0 12.0)	en	literal	Guinea-Bissau
literal	MYA	http://www.opengis.net/ont/geosparql#wktLiteral	literal	Point(96.0 22.0)	en	literal	Myanmar
literal	BDI	http://www.opengis.net/ont/geosparql#wktLiteral	literal	Point(29.816667 -3.666667)	en	literal	Burundi
literal	GUI	http://www.opengis.net/ont/geosparql#wktLiteral	literal	Point(-11.0 10.0)	en	literal	Guinea
literal	AFG	http://www.opengis.net/ont/geosparql#wktLiteral	literal	Point(66.0 33.0)	en	literal	Afghanistan
literal	LBR	http://www.opengis.net/ont/geosparql#wktLiteral	literal	Point(-9.75 6.533333)	en	literal	Liberia
literal	GAB	http://www.opengis.net/ont/geosparql#wktLiteral	literal	Point(11.5 -0.683330555)	en	literal	Gabon
literal	MLI	http://www.opengis.net/ont/geosparql#wktLiteral	literal	Point(-4.0 17.0)	en	literal	Mali
literal	DMA	http://www.opengis.net/ont/geosparql#wktLiteral	literal	Point(-61.333333 15.416667)	en	literal	Dominica
literal	ROC	http://www.opengis.net/ont/geosparql#wktLiteral	literal	Point(121.0 24.0)	en	literal	Taiwan
literal	IRQ	http://www.opengis.net/ont/geosparql#wktLiteral	literal	Point(43.0 33.0)	en	literal	Iraq
literal	TOG	http://www.opengis.net/ont/geosparql#wktLiteral	literal	Point(1.183333 8.25)	en	literal	Togo
literal	ISR	http://www.opengis.net/ont/geosparql#wktLiteral	literal	Point(35.0 31.0)	en	literal	Israel
literal	LAO	http://www.opengis.net/ont/geosparql#wktLiteral	literal	Point(104.1 18.2)	en	literal	Laos
literal	SRI	http://www.opengis.net/ont/geosparql#wktLiteral	literal	Point(81.0 7.0)	en	literal	Sri Lanka
