{
  "type": "UploadedFiles",
  "managed": false,
  "featureGroup": false,
  "formatType": "csv",
  "checklists": {
    "checklists": []
  },
  "checks": [],
  "customMeta": {
    "kv": {}
  },
  "flowOptions": {
    "virtualizable": false,
    "rebuildBehavior": "NORMAL",
    "crossProjectBuildBehavior": "DEFAULT"
  },
  "readWriteOptions": {
    "preserveOrder": false,
    "writeBuckets": 1,
    "forceSingleOutputFile": false,
    "defaultReadOrdering": {
      "enabled": false,
      "rules": []
    }
  },
  "formatParams": {
    "style": "excel",
    "charset": "utf-8",
    "separator": ";",
    "quoteChar": "\"",
    "escapeChar": "\\",
    "dateSerializationFormat": "ISO",
    "arrayMapFormat": "json",
    "hiveSeparators": [
      "\u0002",
      "\u0003",
      "\u0004",
      "\u0005",
      "\u0006",
      "\u0007",
      "\b"
    ],
    "skipRowsBeforeHeader": 0,
    "parseHeaderRow": true,
    "skipRowsAfterHeader": 0,
    "probableNumberOfRecords": 104,
    "normalizeBooleans": false,
    "normalizeDoubles": true,
    "readAdditionalColumnsBehavior": "INSERT_IN_DATA_WARNING",
    "readMissingColumnsBehavior": "DISCARD_SILENT",
    "readDataTypeMismatchBehavior": "DISCARD_WARNING",
    "writeDataTypeMismatchBehavior": "DISCARD_WARNING",
    "fileReadFailureBehavior": "FAIL",
    "compress": ""
  },
  "partitioning": {
    "ignoreNonMatchingFile": false,
    "considerMissingRequestedPartitionsAsEmpty": false,
    "dimensions": []
  },
  "versionTag": {
    "versionNumber": 5,
    "lastModifiedBy": {
      "login": "admin"
    },
    "lastModifiedOn": 1706203125468
  },
  "creationTag": {
    "versionNumber": 0,
    "lastModifiedBy": {
      "login": "admin"
    },
    "lastModifiedOn": 1706203086267
  },
  "tags": [],
  "params": {
    "uploadConnection": "Default (in DSS data dir.)",
    "notReadyIfEmpty": false,
    "filesSelectionRules": {
      "mode": "ALL",
      "excludeRules": [],
      "includeRules": [],
      "explicitFiles": []
    }
  },
  "schema": {
    "columns": [
      {"name":"Numéro de l\u0027installation sportive","type":"string"},
      {"name":"Nom de l\u0027installation sportive","type":"string"},
      {"name":"Numéro, type et nom de la voie","type":"string"},
      {"name":"Code postal","type":"string"},
      {"name":"Commune Ancienne","type":"string"},
      {"name":"Code INSEE Ancien","type":"string"},
      {"name":"Statut de la fiche d\u0027enquête","type":"string"},
      {"name":"Etat de la fiche d\u0027enquête","type":"string"},
      {"name":"Date de création de la fiche d\u0027enquête","type":"string"},
      {"name":"Date de changement d\u0027état de la fiche d\u0027enquête","type":"string"},
      {"name":"Date de validation de la fiche d\u0027enquête","type":"string"},
      {"name":"Accessibilité de l\u0027installation en faveur des personnes en situation de handicap","type":"string"},
      {"name":"Date de l\u0027enquête","type":"string"},
      {"name":"Accessibilité de l\u0027installation en transport en commun","type":"string"},
      {"name":"Installation particulière","type":"string"},
      {"name":"Type de particularité de l\u0027installation","type":"string"},
      {"name":"Accessibilité de l\u0027installation en fonction du type handicap","type":"string"},
      {"name":"Accessibilité de l\u0027installation en transport en commun des différents mode","type":"string"},
      {"name":"SIRET Installation","type":"string"},
      {"name":"Unité Administrative Immatriculée (UAI) Installation","type":"string"},
      {"name":"Numéro de l\u0027équipement sportif","type":"string"},
      {"name":"Nom de l\u0027équipement sportif","type":"string"},
      {"name":"Code du type d\u0027équipement sportif","type":"string"},
      {"name":"Type d\u0027équipement sportif","type":"string"},
      {"name":"Famille d\u0027équipement sportif","type":"string"},
      {"name":"Etat de la fiche d\u0027enquête de l\u0027équipement sportif","type":"string"},
      {"name":"Longitude (WGS84)","type":"geometry","meaning":"Longitude"},
      {"name":"Latitude (WGS84)","type":"geometry","meaning":"Latitude"},
      {"name":"Eclairage de l\u0027aire d\u0027évolution","type":"string"},
      {"name":"Equipement d\u0027accès libre","type":"string"},
      {"name":"Aménagements de confort","type":"string"},
      {"name":"Arrêté d\u0027ouverture au public","type":"string"},
      {"name":"Locaux complémentaires","type":"string"},
      {"name":"Ouverture exclusivement saisonnière","type":"string"},
      {"name":"Présence de douches","type":"string"},
      {"name":"Présence de sanitaires","type":"string"},
      {"name":"Gestion en DSP","type":"string"},
      {"name":"Accessibilité aux personnes à mobilité réduite à l\u0027accueil","type":"string"},
      {"name":"Accessibilité aux personnes à mobilité réduite à l\u0027aire de jeu","type":"string"},
      {"name":"Accessibilité aux personnes à mobilité réduite aux cheminements","type":"string"},
      {"name":"Accessibilité aux personnes à mobilité réduite aux douches","type":"string"},
      {"name":"Accessibilité aux personnes à mobilité réduite aux sanitaires","type":"string"},
      {"name":"Accessibilité aux personnes à mobilité réduite aux tribunes","type":"string"},
      {"name":"Accessibilité aux personnes à mobilité réduite aux vestiaires","type":"string"},
      {"name":"Accessibilité aux personnes en situation de handicap sensoriel à l\u0027aire de jeu","type":"string"},
      {"name":"Accessibilité aux personnes en situation de handicap sensoriel aux cheminements","type":"string"},
      {"name":"Accessibilité aux personnes en situation de handicap sensoriel aux sanitaires","type":"string"},
      {"name":"Accessibilité aux personnes en situation de handicap sensoriel - signalétique","type":"string"},
      {"name":"Accessibilité aux personnes en situation de handicap sensoriel aux tribunes","type":"string"},
      {"name":"Accessibilité aux personnes en situation de handicap sensoriel aux vestiaires","type":"string"},
      {"name":"Date de l\u0027homologation préfectorale","type":"string"},
      {"name":"Date des derniers gros travaux","type":"string"},
      {"name":"Catégorie ERP de l\u0027établissement","type":"string"},
      {"name":"Hauteur de l\u0027aire d\u0027évolution","type":"string"},
      {"name":"Largeur de l\u0027aire d\u0027évolution","type":"string"},
      {"name":"Longueur de l\u0027aire d\u0027évolution","type":"string"},
      {"name":"Surface de l\u0027aire d\u0027évolution","type":"string"},
      {"name":"Nombre de couloirs/pistes/postes/jeux/pas","type":"string"},
      {"name":"Nombre de places assises en tribune","type":"string"},
      {"name":"Nombre de vestiaires arbitres/enseignants","type":"string"},
      {"name":"Nombre de vestiaires sportifs","type":"string"},
      {"name":"SAE: nombre de couloirs de la structure","type":"string"},
      {"name":"SAE: hauteur maximale de la structure","type":"string"},
      {"name":"SAE: surface totale de la structure","type":"string"},
      {"name":"Longueur du bassin","type":"string"},
      {"name":"Largeur du bassin","type":"string"},
      {"name":"Surface du bassin","type":"string"},
      {"name":"Profondeur minimale du bassin","type":"string"},
      {"name":"Profondeur maximale du bassin","type":"string"},
      {"name":"Longueur de la piste","type":"string"},
      {"name":"Adresse internet de l\u0027équipement","type":"string"},
      {"name":"Année de mise en service","type":"string"},
      {"name":"Nom du propriétaire","type":"string"},
      {"name":"Types d\u0027aménagements de confort","type":"string"},
      {"name":"Type d\u0027ERP de l\u0027établissement","type":"string"},
      {"name":"Types de locaux complémentaires","type":"string"},
      {"name":"Motifs des derniers gros travaux","type":"string"},
      {"name":"Types de chauffage - source d\u0027énergie","type":"string"},
      {"name":"Type d\u0027utilisation","type":"string"},
      {"name":"Type de pas de tir","type":"string"},
      {"name":"Nature du sol","type":"string"},
      {"name":"Nature de l\u0027équipement sportif","type":"string"},
      {"name":"Période de mise en service","type":"string"},
      {"name":"Période de l\u0027homologation préfectorale","type":"string"},
      {"name":"Période des derniers gros travaux","type":"string"},
      {"name":"Type de déclaration","type":"string"},
      {"name":"Type de propriétaire","type":"string"},
      {"name":"Type de propriétaire secondaire","type":"string"},
      {"name":"Type de gestionnaire","type":"string"},
      {"name":"Type du co-gestionnaire","type":"string"},
      {"name":"Equipement inscrit au PDESI / PDIPR","type":"string"},
      {"name":"code_aps","type":"string"},
      {"name":"Atlas","type":"string"},
      {"name":"Coordonnées","type":"string"},
      {"name":"Commune INSEE","type":"string"},
      {"name":"Commune Nom","type":"string"},
      {"name":"EPCI INSEE","type":"string"},
      {"name":"EPCI Nom","type":"string"},
      {"name":"Département Code","type":"string"},
      {"name":"Département Nom","type":"string"},
      {"name":"Région Code","type":"string"},
      {"name":"Région Nom","type":"string"},
      {"name":"Département Code Complet","type":"string"},
      {"name":"Réctorat Nom","type":"string"}
    ],
    "userModified": true
  },
  "dkuProperties": [],
  "metrics": {
    "probes": [
      {
        "type": "basic",
        "enabled": true,
        "computeOnBuildMode": "PARTITION",
        "meta": {
          "name": "Basic data",
          "level": 0
        },
        "configuration": {}
      },
      {
        "type": "records",
        "enabled": true,
        "computeOnBuildMode": "NO",
        "meta": {
          "name": "Record count",
          "level": 0
        },
        "configuration": {}
      }
    ],
    "engineConfig": {
      "padRunsWithMetrics": false,
      "hive": {
        "active": true,
        "extraConf": []
      },
      "basic": {},
      "dss": {
        "active": true,
        "selection": {
          "useMemTable": false,
          "filter": {
            "distinct": false,
            "enabled": false
          },
          "partitionSelectionMethod": "ALL",
          "latestPartitionsN": 1,
          "ordering": {
            "enabled": false,
            "rules": []
          },
          "samplingMethod": "FULL",
          "maxRecords": -1,
          "targetRatio": 0.02,
          "withinFirstN": -1,
          "maxReadUncompressedBytes": -1
        }
      },
      "sql": {
        "active": true
      },
      "impala": {
        "active": true
      },
      "spark": {
        "active": true,
        "extraConf": []
      },
      "python": {}
    },
    "displayedState": {
      "columns": [],
      "metrics": [
        "basic:COUNT_COLUMNS",
        "basic:COUNT_FILES",
        "basic:SIZE",
        "records:COUNT_RECORDS"
      ]
    }
  },
  "metricsChecks": {
    "runOnBuild": false,
    "checks": [],
    "displayedState": {
      "checks": []
    }
  },
  "customFields": {}
}