{
  "type": "HTTP",
  "managed": false,
  "featureGroup": false,
  "formatType": "json",
  "checklists": {
    "checklists": []
  },
  "checks": [],
  "customMeta": {
    "kv": {}
  },
  "flowOptions": {
    "virtualizable": false,
    "rebuildBehavior": "NORMAL",
    "crossProjectBuildBehavior": "DEFAULT"
  },
  "readWriteOptions": {
    "preserveOrder": false,
    "writeBuckets": 1,
    "forceSingleOutputFile": false,
    "defaultReadOrdering": {
      "enabled": false,
      "rules": []
    }
  },
  "formatParams": {
    "maxExpansionDepth": -1,
    "nestedArraysHandling": "PRESERVE",
    "extractFromSingleElement": true,
    "rootPath": "results.bindings",
    "nestedArraysMaxElements": 100,
    "nestedArraysMaxContentSize": 300000,
    "headerRow": false
  },
  "partitioning": {
    "ignoreNonMatchingFile": false,
    "considerMissingRequestedPartitionsAsEmpty": false,
    "dimensions": []
  },
  "versionTag": {
    "versionNumber": 0,
    "lastModifiedBy": {
      "login": "admin"
    },
    "lastModifiedOn": 1706206727470
  },
  "creationTag": {
    "versionNumber": 0,
    "lastModifiedBy": {
      "login": "admin"
    },
    "lastModifiedOn": 1706206727470
  },
  "tags": [],
  "params": {
    "sources": [
      {
        "url": "https://query.wikidata.org/bigdata/namespace/wdq/sparql?format\u003dJSON\u0026query\u003dSELECT%20DISTINCT%20%3FRegionLabel%20%3Fpopulation%20%3Fgeopoint%0A%0AWHERE%20%0A%7B%0A%20%20%3FRegion%20wdt%3AP31%20wd%3AQ48091.%0A%20%20%3FRegion%20wdt%3AP1082%20%3Fpopulation.%0A%20%20%0A%20%20%3FRegion%20wdt%3AP625%20%3Fgeopoint%0A%20%20%0A%20%20SERVICE%20wikibase%3Alabel%20%7B%20bd%3AserviceParam%20wikibase%3Alanguage%20%22%5BAUTO_LANGUAGE%5D%2Cen%22.%20%7D%0A%7D%0A%0A"
      }
    ],
    "consider404AsEmpty": true,
    "fallbackHeadToGet": true,
    "notReadyIfEmpty": false,
    "useGlobalProxy": true,
    "trustAnySSLCertificate": false,
    "previewPartition": "",
    "partitions": []
  },
  "schema": {
    "columns": [
      {"name":"population.datatype","type":"string"},
      {"name":"population.type","type":"string"},
      {"name":"population.value","type":"string"},
      {"name":"geopoint.datatype","type":"string"},
      {"name":"geopoint.type","type":"string"},
      {"name":"geopoint.value","type":"string"},
      {"name":"RegionLabel.xml:lang","type":"string"},
      {"name":"RegionLabel.type","type":"string"},
      {"name":"RegionLabel.value","type":"string"}
    ],
    "userModified": true
  },
  "dkuProperties": [],
  "metrics": {
    "probes": [
      {
        "type": "basic",
        "enabled": true,
        "computeOnBuildMode": "PARTITION",
        "meta": {
          "name": "Basic data",
          "level": 0
        },
        "configuration": {}
      },
      {
        "type": "records",
        "enabled": true,
        "computeOnBuildMode": "NO",
        "meta": {
          "name": "Record count",
          "level": 0
        },
        "configuration": {}
      }
    ],
    "engineConfig": {
      "padRunsWithMetrics": false,
      "hive": {
        "active": true,
        "extraConf": []
      },
      "basic": {},
      "dss": {
        "active": true,
        "selection": {
          "useMemTable": false,
          "filter": {
            "distinct": false,
            "enabled": false
          },
          "partitionSelectionMethod": "ALL",
          "latestPartitionsN": 1,
          "ordering": {
            "enabled": false,
            "rules": []
          },
          "samplingMethod": "FULL",
          "maxRecords": -1,
          "targetRatio": 0.02,
          "withinFirstN": -1,
          "maxReadUncompressedBytes": -1
        }
      },
      "sql": {
        "active": true
      },
      "impala": {
        "active": true
      },
      "spark": {
        "active": true,
        "extraConf": []
      },
      "python": {}
    },
    "displayedState": {
      "columns": [],
      "metrics": [
        "basic:COUNT_COLUMNS",
        "basic:COUNT_FILES",
        "basic:SIZE",
        "records:COUNT_RECORDS"
      ]
    }
  },
  "metricsChecks": {
    "runOnBuild": false,
    "checks": [],
    "displayedState": {
      "checks": []
    }
  },
  "customFields": {}
}